kanal	videoId	veroeffentlicht_utc	datum_guete	views	likes	sekunden	kategorie	titel
Historically	CzkJJqo6GgY	2023-04-15T23:04:07Z	gemessen	637702	25958	180	Education	The most Hateful Man that ever Lived
Historically	nORI8r5Mgts	2023-05-12T13:39:26Z	gemessen	1840865	57064	616	Education	The Rise and Fall of Wu Zetian
Historically	8xBwIrr8qSw	2023-08-05T15:03:18Z	gemessen	1772682	50302	826	Education	A Thirty Years War and a Drunky Boy
Historically	zQP37B7QCeE	2023-08-29T22:45:24Z	gemessen	1190661	38218	447	Education	HEISENBERG: The Dumber Oppenheimer
Historically	-yi8kl8LWtg	2023-11-05T14:14:07Z	gemessen	3042127	67019	685	Education	The Shortest War EVER
Historically	_pKIPqrTh9s	2024-02-29T18:20:08Z	gemessen	4004549	144963	1708	Education	What happened to the Ancient World Wonders?
Historically	FFxf_IsYm4Y	2024-04-27T11:00:11Z	gemessen	3665647	178021	1299	Education	The Philosopher Everyone Hates...
Historically	nKRTWlQO9ms	2024-06-01T13:00:10Z	gemessen	2102337	75563	896	Education	My Favorite Piece of Arabic History
Historically	wgsMw3wU5hE	2024-09-04T10:01:02Z	gemessen	1160624	49126	1100	Education	How a Refugee became a Prince
Historically	xv-xHG7pJzw	2025-02-28T12:00:10Z	gemessen	5164958	144339	4475	Education	WW2's BEST Soldiers...
Historically	wK9XgMvTfHg	2025-05-09T15:00:38Z	gemessen	3510319	152445	952	Education	The Jesus Problem
Historically	ZoyhgaNw4eM	2025-05-28T14:53:52Z	gemessen	793150	28948	702	Education	The Dumbest Heist in History
Historically	GZ1-BtL6j14	2025-06-28T12:12:45Z	gemessen	1820808	63949	920	Education	Sieging Castles SUCKS actually...
Historically	F0_d1xjk2to	2025-08-29T09:36:11Z	gemessen	2993913	95966	1266	Education	This Country Disappeared 8 TIMES....
Historically	mtdqhaX44YQ	2025-10-21T09:49:49Z	gemessen	1991232	56357	1067	Education	That Time PIRATES started a COUNTRY...
Historically	apnosqvA57g	2025-12-27T10:00:03Z	gemessen	1293059	56553	1178	Education	The God of Horror
Historically	qc4p6ko-tpA	2026-01-31T09:01:03Z	gemessen	1899027	63339	1399	Education	Fact-Checking Hitler
Historically	FSCcvXi0PvY	2026-03-15T10:00:15Z	gemessen	2072219	59189	1448	Education	The Longest War EVER
Historically	EHLI2WZUtXs	2026-04-19T20:01:33Z	gemessen	6218491	141226	2309	Education	The ENTIRE History of ROME
Historically	w5mhZs73Qwc	2026-06-21T20:42:24Z	gemessen	1224658	49939	1871	Education	The CHAOTIC First World War
Historically	uuXVRRPaGfc	2026-06-30T17:17:57Z	gemessen	1088238	36839	1137	Education	Meet WW2's Villains
quack doc	VDIASoXvHE4	2024-03-09T19:57:37Z	gemessen	9074	334	446	People & Blogs	The Most Terrifying Scientists In Human History
quack doc	sPA5UvIo0jc	2024-03-25T20:00:01Z	gemessen	18663	522	536	People & Blogs	The Most Brutal Surgeries In Human History
quack doc	65iKL2u0a9o	2024-04-12T16:00:05Z	gemessen	26598	675	781	People & Blogs	Most Painful Poisons in the World
quack doc	eFJ0Za9N-4E	2024-05-02T19:32:20Z	gemessen	7145	224	747	People & Blogs	Scientific Misconceptions For You To Bring Up During Family Dinner
quack doc	ieN5oB7wrvA	2024-05-11T19:00:20Z	gemessen	9863	327	642	People & Blogs	The Most Evil Parents of All Time
quack doc	-49v_vMvfv0	2024-05-17T18:41:29Z	gemessen	9346	283	752	People & Blogs	The Most Evil Cops Of All Time
quack doc	lPhGVKplSTE	2024-05-20T19:32:15Z	gemessen	61633	1818	676	People & Blogs	Parents Who Took Revenge On Child Predators
quack doc	rjs6RYEbPHk	2024-05-24T16:00:52Z	gemessen	9020	253	607	People & Blogs	Famous Youtubers That Became Criminals
quack doc	yNVo2cnFVWU	2024-05-28T20:00:31Z	gemessen	7643	226	561	People & Blogs	Truly Evil Animal Experiments That ACTUALLY Happened
quack doc	unwIoerPJS0	2024-06-01T18:34:52Z	gemessen	75649	2053	619	People & Blogs	The Worst War Crimes Committed In Human History
quack doc	pbP1k5t8T5U	2024-06-04T15:00:45Z	gemessen	9809	310	541	People & Blogs	The Biggest Haters in Human History
quack doc	_kddydOh7wY	2024-06-07T16:00:29Z	gemessen	4712	149	527	People & Blogs	Lucky People Who Survived The Impossible
quack doc	gXJThHeK8to	2024-06-13T16:01:00Z	gemessen	7833	260	503	People & Blogs	Dumbest Way People Died In Human History
quack doc	sznY_Hp8E7w	2024-06-17T22:20:59Z	gemessen	8185	263	701	People & Blogs	The Bloodiest Wars in Human History(1 Million+ Deaths)
quack doc	7Th7depsQ_Q	2024-06-21T15:08:10Z	gemessen	4584	180	496	People & Blogs	Things That Would Get You Killed In The Dark Ages
quack doc	BYtNVJm06EQ	2024-06-25T21:31:20Z	gemessen	9191	314	529	People & Blogs	Scariest Tribal Cults To Ever Exist
quack doc	D7GT0vEucBI	2024-07-06T18:24:35Z	gemessen	16649	366	608	People & Blogs	Animals With Generational BEEF
quack doc	dsmo4dUJW1Q	2024-07-11T16:00:37Z	gemessen	6463	163	536	People & Blogs	Humans With Questionable Super Powers
quack doc	htUdjqFobp0	2024-07-17T14:48:46Z	gemessen	5580	172	557	People & Blogs	What It Was Like To Die In Every Time Period
quack doc	jc9RV3rfg8w	2024-07-29T01:40:11Z	gemessen	16908	520	556	People & Blogs	What War Was Like In Every Time Period
quack doc	J3NLJKq0qO8	2024-08-16T21:28:10Z	gemessen	552637	6831	3525	People & Blogs	The Most Bizarre Cults Iceberg Explained
quack doc	N_3zf03U4M8	2024-09-27T19:27:28Z	gemessen	1292180	17029	3292	People & Blogs	The Most Evil Human Experiment Iceberg Explained
quack doc	6tcSvyO4jx8	2024-10-22T20:14:32Z	gemessen	13518	332	1724	People & Blogs	The DARK Diddy Iceberg Explained
quack doc	-UfqxQRcr3k	2024-11-04T20:07:28Z	gemessen	189050	2680	2898	People & Blogs	The Most Disturbing Serial Killers Iceberg Explained
quack doc	YZdl-uMfE0Y	2024-11-29T01:35:38Z	gemessen	419686	7446	3216	People & Blogs	The Most Brutal Torture Methods Iceberg Explained
quack doc	gApkzgP28cM	2025-01-11T03:20:25Z	gemessen	8948	221	1673	People & Blogs	The Ulimate "Why It Sucks To Be Born As ___" Tier List
quack doc	q8oWGO2iX4o	2025-02-25T16:02:26Z	gemessen	1906003	34920	3364	People & Blogs	The Most Disturbing Afterlife Theories Iceberg Explained
quack doc	4dE7pKJ5W4M	2025-03-06T21:00:15Z	gemessen	168502	2257	16283	People & Blogs	4 Hours of DARK & Disturbing Icebergs Explained
quack doc	0dg8W5QH-mA	2025-03-09T16:00:02Z	gemessen	417821	13514	4237	People & Blogs	The Craziest Drugs Iceberg Explained
quack doc	BZ9enOCOzng	2025-03-17T16:00:10Z	gemessen	388611	8378	3389	People & Blogs	The FBI Most Wanted Criminals Iceberg Explained
quack doc	QrItDWfu4O8	2025-03-21T19:27:50Z	gemessen	158696	2358	3150	People & Blogs	The Most Disturbing Cave Deathes Iceberg Explained
quack doc	RZOXrcACX24	2025-04-02T21:41:53Z	gemessen	1505065	19806	3799	People & Blogs	The Most Deadly Diseases Iceberg Explained
quack doc	ltcx7bHK41M	2025-04-07T18:50:21Z	gemessen	697728	9232	5904	People & Blogs	The Disturbing Space Iceberg Explained
quack doc	ydlKm2CQSx4	2025-04-12T17:32:48Z	gemessen	409553	12619	3724	People & Blogs	The Devastating Tragedies Iceberg Explained
quack doc	czh5F-o4FjY	2025-04-20T16:01:00Z	gemessen	380859	11216	3575	People & Blogs	The Extremely Disturbing Hell Iceberg Explained
quack doc	wVjJ6cyMQDo	2025-04-27T20:06:43Z	gemessen	1702842	25757	7991	People & Blogs	The Unit 731 Iceberg Explained
quack doc	cZM74XJt52A	2025-04-29T18:52:56Z	gemessen	11503	332	481	People & Blogs	What If 1 Gorila Fought 100 Men?
quack doc	awRhsK42PeE	2025-05-06T18:18:51Z	gemessen	233854	6032	3567	People & Blogs	The Disturbing Banned Books Iceberg Explained
quack doc	fZNf2WS2QOA	2025-05-10T15:36:36Z	gemessen	266325	9026	4391	People & Blogs	The Disturbing Banned Video Games Iceberg Explained
quack doc	sXIaekN1tVE	2025-05-16T16:01:27Z	gemessen	218715	2809	5432	People & Blogs	The Disturbing War Crimes Iceberg Explained
quack doc	3n1D_QrFRPA	2025-05-21T15:05:12Z	gemessen	459199	6140	3848	People & Blogs	The Disturbing World War 2 Iceberg Explained
quack doc	8kufLg2a3fE	2025-05-29T00:47:33Z	gemessen	121938	1462	4041	People & Blogs	The Disturbing Unsolved True Crime Cases Iceberg
quack doc	iz0w3WjDXE0	2025-06-06T22:00:48Z	gemessen	69551	870	25677	People & Blogs	7 Hours of DARK & Disturbing Icebergs Explained
quack doc	cTD6I4nWWIo	2025-06-08T22:00:41Z	gemessen	915268	11679	3480	People & Blogs	The Most Disturbing Religions Iceberg Explained
quack doc	R7tlozYjgFc	2025-06-14T22:00:32Z	gemessen	116219	2026	4138	People & Blogs	The Entire History of Human Civilizations Explained
quack doc	Z9RA08Hshqo	2025-06-21T22:50:00Z	gemessen	463799	6145	7936	People & Blogs	The Bizarre Bible Theories Iceberg Explained
quack doc	A1r7XmTy8Fc	2025-06-26T22:00:09Z	gemessen	269201	3953	4352	People & Blogs	The Most Disturbing Movies In History Iceberg Explained
quack doc	7dyBvc-r3z4	2025-07-05T22:00:13Z	gemessen	179857	1844	4736	People & Blogs	The Most Disturbing Unsolved Mysteries Iceberg Explained
quack doc	SBtrolFdrg8	2025-07-14T22:00:29Z	gemessen	153767	2043	3547	People & Blogs	The Disturbing Apocalypses Iceberg Explained
quack doc	5qxT_xTCqK8	2025-07-20T22:00:05Z	gemessen	300847	4508	3461	People & Blogs	The Disturbing SCP Iceberg Explained
quack doc	cApSrHiqygA	2025-07-24T22:00:45Z	gemessen	181763	2064	3603	People & Blogs	The Disturbing Ocean Mysteries Iceberg Explained
quack doc	V7eRenexKe8	2025-07-31T22:00:39Z	gemessen	251684	4157	2501	People & Blogs	The 9/11 Iceberg Explained
quack doc	JVNRhPs1GcE	2025-08-08T01:52:40Z	gemessen	19883	524	2324	People & Blogs	Dante's Inferno & The 9 Levels of Hell Iceberg Explained
quack doc	i3ThnOaLSPs	2025-08-10T22:00:49Z	gemessen	60543	1062	2582	People & Blogs	The Disturbing Reddit Iceberg Explained
quack doc	arqpnX0cRSk	2025-08-15T22:00:06Z	gemessen	49881	990	4607	People & Blogs	The Alternate Timeline Iceberg Explained
quack doc	gvi4D42YktU	2025-08-21T22:00:58Z	gemessen	109824	1286	4338	People & Blogs	The Bizarre Cryptid Iceberg Explained
quack doc	h_rSC97ERn8	2025-08-24T22:00:47Z	gemessen	134638	3018	3155	People & Blogs	The Disturbing Heaven Iceberg Explained
quack doc	cKkkCj_1P8Q	2025-08-27T22:00:48Z	gemessen	289565	5159	3677	People & Blogs	The Disturbing Websites Iceberg Explained
quack doc	wuXH3aEJKWg	2025-09-02T22:01:08Z	gemessen	92326	1433	3736	People & Blogs	The Disturbing USA Iceberg Explained
quack doc	UZBpbz4yQt4	2025-09-06T22:00:26Z	gemessen	185843	2923	3404	People & Blogs	The Disturbing Demonology Iceberg Explained
quack doc	UytAs8E3mSg	2025-09-10T22:00:38Z	gemessen	109429	1896	3491	People & Blogs	The Disturbing Vietnam War Iceberg Explained
quack doc	kbJeOLaC7Yo	2025-09-14T22:00:50Z	gemessen	264044	4158	4772	People & Blogs	The Dark & Disturbing North Korea Iceberg
quack doc	hU4_fohiZ08	2025-09-19T22:00:50Z	gemessen	47261	881	2479	People & Blogs	The Disturbing Spongebob Iceberg Explained
quack doc	XZGXuvB1CA0	2025-09-24T22:00:41Z	gemessen	97473	1469	3499	People & Blogs	The Disturbing Online Cult Iceberg
quack doc	bbraUQkGEFE	2025-09-28T22:00:43Z	gemessen	62369	951	2837	People & Blogs	The Most Disturbing Unsolved Disappearances Iceberg Explained
quack doc	nqF0IH8YNy4	2025-10-03T22:01:02Z	gemessen	72665	2039	2443	People & Blogs	The Disturbing Furry Iceberg Explained
quack doc	NUA350fsH6I	2025-10-07T22:00:23Z	gemessen	479523	8348	2591	People & Blogs	The Lovecraftian Entity Iceberg
quack doc	Vx4sqTfUwfo	2025-10-12T00:03:37Z	gemessen	203896	1910	10504	People & Blogs	3 Hours of Disturbing Cults & Religions Iceberg Explained
quack doc	h8KsmjRlZNI	2025-10-15T22:00:54Z	gemessen	136239	1847	2965	People & Blogs	Disturbing World War 1 Iceberg Explained
quack doc	l4DBeL86SVo	2025-10-19T23:06:15Z	gemessen	92836	1356	2627	People & Blogs	The Celebrity Conspiracy Iceberg Explained
quack doc	_V260qkQfys	2025-10-23T22:00:49Z	gemessen	71029	729	15743	People & Blogs	4 Hours of Disturbing War Iceberg Explained
quack doc	Pc0WqrXWhD0	2025-10-26T22:00:32Z	gemessen	55266	707	2669	People & Blogs	The Mysterious & Lost Locations Iceberg Explained
quack doc	VmM8sZRaYrI	2025-10-30T22:00:39Z	gemessen	297787	7896	2812	People & Blogs	The Disturbing Kpop Iceberg Explained
quack doc	c2GXN1aMuF8	2025-11-02T22:00:37Z	gemessen	84737	934	12426	People & Blogs	3+ Hours of Disturbing Afterlife Theories Iceberg Explained
quack doc	TXc_HXMFSiw	2025-11-06T22:00:29Z	gemessen	38186	891	2814	People & Blogs	The Disturbing Anime Fandom Iceberg Explained
quack doc	B63Qx3KbVHY	2025-11-09T22:00:11Z	gemessen	16928	343	2646	People & Blogs	The Most Disturbing Sports Accidents Iceberg Explained
quack doc	IG97W5FmmVs	2025-11-13T22:00:18Z	gemessen	61605	1222	2779	People & Blogs	The Disturbing Banned Documentaries Iceberg Explained
quack doc	TzGTocwtuH4	2025-11-17T22:00:27Z	gemessen	38383	738	2455	People & Blogs	The Disturbing Signs Iceberg Explained
quack doc	6dXoQOgkyaM	2025-11-20T22:31:18Z	gemessen	55397	1229	3087	People & Blogs	The Disturbing School Shooting Iceberg Explained
quack doc	JVcGhaZjuZE	2025-11-26T22:00:31Z	gemessen	33287	523	3090	People & Blogs	The Cold War Iceberg
quack doc	cCOlDOgery0	2025-12-01T22:00:55Z	gemessen	57180	1089	3254	People & Blogs	The Most Disturbing Deaths Iceberg Explained
quack doc	yEg6iWbM2yQ	2025-12-07T22:01:09Z	gemessen	26261	678	2923	People & Blogs	The Disturbing Sleep & Dream Iceberg Explained
quack doc	WS7483jOcRA	2025-12-13T22:00:36Z	gemessen	195786	7046	2651	People & Blogs	The Disturbing Gacha Life Iceberg Explained
quack doc	Mh-O9Fy7qlA	2025-12-16T22:00:19Z	gemessen	43982	758	3157	People & Blogs	The Most Disturbing Theme Park Incidents Iceberg
quack doc	nqE2t-QWlSg	2025-12-21T22:00:54Z	gemessen	28541	607	3295	People & Blogs	The Disturbing Slavery Iceberg
quack doc	SvH5KBv17Vk	2025-12-31T22:02:21Z	gemessen	26759	651	2806	People & Blogs	The Disturbing Banned Kids Show Episodes Iceberg Explained
quack doc	FY5TqJJApwE	2026-01-05T22:52:30Z	gemessen	240396	2551	2958	People & Blogs	The Forbidden Places Iceberg Explained
quack doc	o8u5gwZ5IAk	2026-01-10T23:05:47Z	gemessen	94849	4675	3003	People & Blogs	The Disturbing Ancient Rome Iceberg
quack doc	N0Sl-s6MzJU	2026-01-22T22:00:32Z	gemessen	26548	693	3220	People & Blogs	The Disturbing South Korea Iceberg Explained
quack doc	edSyTSGSNFY	2026-01-26T22:00:40Z	gemessen	19695	352	3233	People & Blogs	Disturbing WW2 Weapons Iceberg
quack doc	B9H_J83rylk	2026-01-29T22:00:20Z	gemessen	17064	378	3075	People & Blogs	The Disturbing Discord Iceberg Explained
quack doc	TZ62oQEqViQ	2026-02-04T22:00:34Z	gemessen	75786	1061	3030	People & Blogs	The Ultimate Disturbing Appalachia Iceberg
quack doc	pUzrXioZUGs	2026-02-08T22:01:00Z	gemessen	28246	581	3051	People & Blogs	The Disturbing Banned Animations Iceberg Explained
quack doc	h4RRLp8LTB0	2026-02-13T22:00:45Z	gemessen	26281	540	3062	People & Blogs	The Disturbing Japan Iceberg Explained
quack doc	TWbbsd01ifc	2026-02-17T22:00:27Z	gemessen	29376	593	2788	People & Blogs	The Religious Apocalypse Iceberg
quack doc	K3LGid8jgls	2026-02-22T02:47:44Z	gemessen	13788	425	1589	People & Blogs	Every Major EVIL Human Experiment in 26 Minutes
quack doc	c2Y3muOfX8o	2026-02-25T22:00:42Z	gemessen	78584	1351	2931	People & Blogs	Disturbing Archaeology Iceberg
quack doc	cbJdMtnDAtg	2026-03-06T23:24:02Z	gemessen	106524	1519	3324	People & Blogs	The Disturbing Nazi Iceberg Explained
quack doc	6TgHEqwAujI	2026-03-11T22:00:12Z	gemessen	379659	11439	1827	People & Blogs	Every Unit 731 Experiment in 30 Minutes
quack doc	7bQrV1a471Q	2026-03-15T22:00:05Z	gemessen	36135	772	2965	People & Blogs	The Disturbing Extinct Disney Iceberg Explained
quack doc	Vkpi8slcDEY	2026-03-21T01:17:20Z	gemessen	21342	544	3176	People & Blogs	The Disturbing Native American Iceberg Explained
quack doc	7WJii152KWI	2026-03-25T22:00:07Z	gemessen	37520	786	2975	People & Blogs	The Disturbing Holocaust Iceberg Explained
quack doc	WJFb_8bRnIM	2026-03-29T22:00:19Z	gemessen	159980	2024	3266	People & Blogs	The Disturbing Ancient Mysteries Iceberg Explained
quack doc	LQ_6OG7-xmA	2026-04-02T22:00:32Z	gemessen	1836957	44540	1716	People & Blogs	What Dying From Every Deadly Disease Feels Like
quack doc	14DGSfOlsVE	2026-04-05T22:00:01Z	gemessen	32456	922	2937	People & Blogs	The Disturbing Christianity Iceberg
quack doc	F94VoO5nmnw	2026-04-09T22:00:28Z	gemessen	130638	1653	3046	People & Blogs	The Disturbing Ancient Civilizations Iceberg Explained
quack doc	WqiMzpkCrmk	2026-04-12T22:00:39Z	gemessen	44389	944	1574	People & Blogs	The Most Disturbing Incidents Caused by Cults
quack doc	48W3wVbZhqA	2026-04-16T01:13:22Z	gemessen	13023	369	3182	People & Blogs	The US War Crime Iceberg Explained
quack doc	7QuXVw_075I	2026-04-20T22:00:20Z	gemessen	21607	516	3001	People & Blogs	The Disturbing CIA Iceberg Explained
quack doc	9W2LKaAF5Us	2026-04-25T22:00:22Z	gemessen	23207	447	2998	People & Blogs	The Disturbing Black Death Iceberg Explained
quack doc	B96hj9yOvPo	2026-04-29T22:00:23Z	gemessen	11879	333	1667	People & Blogs	Most Disturbing Reddit Confessions Ever
quack doc	2KlU4s8bBjE	2026-05-02T22:00:03Z	gemessen	26373	530	3064	People & Blogs	The DISTURBING Cartel Iceberg Explained
quack doc	B5VjsW_NNgw	2026-05-07T22:00:11Z	gemessen	19150	548	1796	People & Blogs	The Worst Serial Killers From Every Country
quack doc	xhmt-UO7bYM	2026-05-14T22:01:11Z	gemessen	19289	625	1648	People & Blogs	What it Feels Like to Die from Every Cult
quack doc	NmfPT5VXGXg	2026-05-18T22:00:18Z	gemessen	27371	681	3168	People & Blogs	The Disturbing Reality Shows Iceberg Explained
quack doc	y4nnRWD5Bi0	2026-05-27T00:28:12Z	gemessen	18425	410	2579	People & Blogs	The Disturbing GTA 5 Iceberg Explained
quack doc	Yxwu44VADyo	2026-06-07T22:00:29Z	gemessen	23236	613	3110	People & Blogs	The Disturbing Great Depression Iceberg Explained
quack doc	c_bb5e6U5NA	2026-06-16T22:00:30Z	gemessen	30043	721	3048	People & Blogs	The Disturbing Internet Predator Iceberg Explained
quack doc	mDKQWOPi2ok	2026-06-19T22:00:18Z	gemessen	136295	2281	1913	People & Blogs	What Dying From Every Deadly Disease Feels Like - Part 2
quack doc	_myoxEh418U	2026-06-30T22:00:28Z	gemessen	115317	4082	1781	People & Blogs	Every Religion's Hell & What It Would Feel Like
quack doc	A-P6b4hs9WE	2026-07-07T22:00:15Z	gemessen	10001	300	1581	People & Blogs	The Worst Dashcam Deaths Ever Caught on Camera
quack doc	FktanGGS6WY	2026-07-13T22:00:23Z	gemessen	674600	3429	1620	People & Blogs	The Worst Punishments in Ancient Civilizations
quack doc	f-5Hsgbatvs	2026-07-17T22:23:50Z	gemessen	170418	3321	2931	People & Blogs	The Disturbing Nonhuman Encounters Iceberg Explained
quack doc	icxTI-dpM5M	2026-07-21T22:00:03Z	gemessen	61969	1945	3246	People & Blogs	The Disturbing Islam Iceberg Explained
quack doc	iyceg15aJX0	2026-08-02T00:03:01Z	gemessen	134745	1296	1706	People & Blogs	What Dying From Every Deadly Ancient Disease Feels Like
quack doc	kwrLVfyjVG0	2026-08-09T22:00:27Z	gemessen	11427	315	1560	People & Blogs	The Most Disturbing Punishments In Each Religion
Professor Historian	yCFp27Kbwpo	2026-04-27T07:10:36Z	gemessen	10392	255	829	People & Blogs	The Most EVIL Doctors in History
Professor Historian	yqNXuHHH6S8	2026-04-29T23:20:40Z	gemessen	58081	802	863	People & Blogs	The Craziest Laws From Ancient Civilizations
Professor Historian	kC4hErBshbc	2026-05-03T02:16:29Z	gemessen	4643004	43669	996	People & Blogs	Ancient Technologies We Still Can't Explain
Professor Historian	Jq2OVSuYzkI	2026-05-06T23:10:47Z	gemessen	222304	2172	856	People & Blogs	Kings Who Lost Their Minds
Professor Historian	KbrgGU2FG5I	2026-05-10T23:32:22Z	gemessen	17559	438	908	People & Blogs	The Most TERRIFYING Last Words in History
Professor Historian	SlEfdb6wvlE	2026-05-14T22:43:40Z	gemessen	227660	2631	930	People & Blogs	The Most Brutal Betrayals In History
Professor Historian	Kby3zW4m2jM	2026-05-21T00:06:08Z	gemessen	52222	828	872	People & Blogs	Leaders Who Died in the Dumbest Ways Possible
Professor Historian	l-iDswSsw50	2026-05-26T23:54:46Z	gemessen	32117	622	1017	People & Blogs	Kings Who Killed Their Own Families
Professor Historian	aUA7KnhHb7o	2026-06-02T23:36:45Z	gemessen	600810	7094	1000	People & Blogs	Every Drug Used in Ancient Civilizations
Professor Historian	fc19ey3FFC0	2026-06-06T00:27:24Z	gemessen	29934	410	732	People & Blogs	The Most EVIL Experiments Ordered by Kings
Professor Historian	xsYWDpZOY9M	2026-06-09T16:00:31Z	gemessen	94303	1186	3458	People & Blogs	1 Hour of the WORST Kings in History
Professor Historian	BvgYdkHhM5o	2026-06-10T23:30:13Z	gemessen	13955	416	954	People & Blogs	The Most EVIL Punishments in History
Professor Historian	JxegJqzpzxI	2026-06-13T15:00:11Z	gemessen	13362	299	1027	People & Blogs	The Most UNHINGED Queens in History
Professor Historian	wD5_bR_LTr8	2026-06-17T15:00:17Z	gemessen	9839	231	797	People & Blogs	The Most INBRED Kings of All Time
Professor Historian	aps2wMygS5I	2026-06-24T06:23:35Z	gemessen	27160	464	1173	People & Blogs	Mistakes That Collapsed Entire Empires
Professor Historian	wL27lkaG98A	2026-07-01T02:32:12Z	gemessen	3599	93	792	People & Blogs	Every Poison Used in Ancient Civilizations
Professor Historian	oQdwdpKBqIk	2026-07-05T02:06:33Z	gemessen	18761	285	1208	People & Blogs	Ancient Inventions That Were Centuries Ahead of Their Time
Professor Historian	cHB2wBPCmmw	2026-07-09T04:12:55Z	gemessen	6509	173	800	People & Blogs	Disgusting Foods Ancient People ACTUALLY Ate
Professor Historian	8g5x1OOsoXI	2026-07-18T00:14:00Z	gemessen	571554	6277	4082	People & Blogs	1 Hour of the CRAZIEST Stories From Ancient Times
Professor Historian	ZJo8kRR82T8	2026-07-22T06:56:41Z	gemessen	2603	93	799	People & Blogs	Ancient Medical Practices That Were Completely INSANE
Professor Historian	n7VBjyIx1V4	2026-07-29T02:49:52Z	gemessen	6899	165	749	People & Blogs	Ancient Discoveries That We Still CANT Explain
Professor Historian	CemKPHa2IUw	2026-08-02T04:16:56Z	gemessen	5843	148	3342	People & Blogs	1 HOUR of the Craziest Realities of Ancient Times
Professor Historian	hjg-Avdv7jc	2026-08-05T00:28:03Z	gemessen	2742	106	895	People & Blogs	Coincidences So Impossible They CANT be Coincidences
Professor Historian	qf2iTpd5mHo	2026-08-08T02:42:27Z	gemessen	3259	79	922	People & Blogs	Ancient Civilizations That Vanished Without a Trace
First Humans	LB9mwofGnDU	2025-08-16T22:47:33Z	gemessen	276826	5742	510	People & Blogs	Ancient DNA Finally Reveals the REAL Origin of the Neanderthals
First Humans	9T8ad-4_QTI	2025-08-23T22:15:46Z	gemessen	2768	110	484	People & Blogs	Ancient DNA Reveals Who the Aztecs Really Were — And How They Collapsed
First Humans	JA55OORHeFc	2025-08-28T20:12:26Z	gemessen	2135	60	489	People & Blogs	Ancient DNA Reveals Our Neanderthal Legacy
First Humans	e3Sw49IpLPM	2025-09-02T00:41:51Z	gemessen	85638	2591	537	People & Blogs	Ancient DNA Finally Reveals Why Neanderthals Went Extinct
First Humans	ol-9-waanos	2025-09-10T22:39:18Z	gemessen	4369	128	589	People & Blogs	Ancient DNA Reveals the Truth about Neanderthals
First Humans	JJVR8L0-HZY	2025-09-16T22:43:58Z	gemessen	81842	1195	485	People & Blogs	Ancient DNA Reveals the REAL Origin of the Black Irish
First Humans	6hWTuuvjNbM	2025-09-28T00:20:28Z	gemessen	4120	122	486	People & Blogs	Ancient DNA Finally Reveals the REAL Origin of the Vikings
First Humans	KnPNxDtI2WA	2025-10-11T23:33:09Z	gemessen	32515	1154	488	People & Blogs	Ancient DNA Reveals the REAL Origin of Europeans
First Humans	QTb_f0aAccY	2025-10-17T18:45:00Z	gemessen	4049	117	523	People & Blogs	Ancient DNA Reveals the Extinction Bottleneck
First Humans	wzLQGCBXVMM	2025-10-25T00:06:13Z	gemessen	1325	53	615	People & Blogs	Ancient Human Species We Once Shared the Earth With
First Humans	zjffhyM-HBQ	2025-11-07T21:46:35Z	gemessen	20520	346	501	People & Blogs	Ancient DNA Reveals the Hidden Links Between Eye Color and Ancestry
First Humans	hinF0brxkdw	2025-11-17T23:15:22Z	gemessen	2029	78	493	People & Blogs	Ancient DNA Reveals the Real Origins of Scottish People
First Humans	-kkNhg-MvRk	2025-11-28T22:15:12Z	gemessen	146216	3080	493	People & Blogs	Ancient DNA Reveals the REAL Origin of Scotland’s PICTS
First Humans	p06VEojKkLM	2025-12-06T00:22:02Z	gemessen	55342	1663	485	People & Blogs	Ancient DNA Reveals the Two Origins of Humanity
First Humans	lmOukQBHvOw	2025-12-21T00:21:41Z	gemessen	7659	378	484	People & Blogs	Ancient DNA Reveals the Real Story of Cat Domestication
First Humans	-e-kFMFjnUo	2026-01-12T01:05:12Z	gemessen	4164	142	531	People & Blogs	50,000 Year Old DNA Discovery Reveals the REAL Origin Of Neanderthals
First Humans	Yzt9_QywE9s	2026-01-19T23:43:44Z	gemessen	388180	7470	483	People & Blogs	Ancient DNA Reveals Tutankhamun’s Shocking Family Secret
First Humans	JVS4ymOwL-A	2026-01-28T22:30:32Z	gemessen	194796	5366	489	People & Blogs	Ancient DNA Finally Solves The Frozen Children Mystery And Exposes A Dark Secret
First Humans	F9MDapReuoI	2026-02-07T23:33:43Z	gemessen	366668	6781	483	People & Blogs	Modern Science Finally Reveals What Happened at Dyatlov Pass
First Humans	OOxICBG4EpE	2026-02-17T23:32:30Z	gemessen	12999	470	499	People & Blogs	New Discovery Reveals a Hidden Order at Göbekli Tepe.
First Humans	L0-1hy4KQUg	2026-02-26T23:26:13Z	gemessen	47875	2136	507	People & Blogs	New Evidence Reveals The Shocking Truth About Skeleton E26
First Humans	tTKXqpeo258	2026-03-04T23:42:19Z	gemessen	2512	133	530	People & Blogs	Scientists Opened This Ancient Chinese Tomb and Were SHOCKED
First Humans	bKbaTBMZmkY	2026-03-08T21:50:11Z	gemessen	50897	1102	486	People & Blogs	130,000-Year-Old Mastodon Bone Mystery Reveals Who the REAL First Americans Were
First Humans	H7C6yb-JugE	2026-03-13T23:34:27Z	gemessen	16077	330	542	People & Blogs	Scientists Finally Solve the Mystery of the Mummy Found in a California Garage
First Humans	qu-ney-p9vs	2026-03-17T21:55:53Z	gemessen	86906	1837	555	People & Blogs	What DNA Revealed About The Melungeons Changes Everything We Know About American History
First Humans	5jZZPy85kuw	2026-03-22T22:11:38Z	gemessen	57852	1929	542	People & Blogs	Modern DNA Analysis Unmasked the Real Jack the Ripper
First Humans	qsnmKUfTPm4	2026-03-28T19:47:12Z	gemessen	754428	17014	524	People & Blogs	King Richard III's DNA Reveals a Shocking Truth That Rewrites 500 Years of History
First Humans	mI4YJqfDQ_E	2026-04-03T20:42:59Z	gemessen	11605	624	510	People & Blogs	Scientists Scanned The Shroud of Turin — And Found Something They Couldn't Explain
First Humans	TQNFWJpvr0I	2026-04-07T20:32:11Z	gemessen	233812	9427	520	People & Blogs	Ancient Egyptian Granite Cutting Mystery Finally Solved - With Proof
First Humans	0gpv3iPpUqU	2026-04-12T21:50:19Z	gemessen	311164	8664	541	People & Blogs	Researchers Uncovered the Hidden Fate of Rome's 9th Legion
First Humans	cUc3uz9RmCA	2026-04-15T22:30:15Z	gemessen	2344087	52746	527	People & Blogs	Scientists Finally Solved The Roanoke Colony Mystery - After 400 Years
First Humans	ko8n-mihUPI	2026-04-28T22:15:11Z	gemessen	4753	197	570	People & Blogs	The Hidden Truth Behind the 1518 Dancing Plague
First Humans	zvTHV3AQXow	2026-05-12T22:04:09Z	gemessen	2450	164	557	People & Blogs	7,000-Year-Old DNA Reveals Shocking Truth That Rewrites Human History
First Humans	bzs_An0jtZU	2026-05-16T23:16:01Z	gemessen	71119	2024	530	People & Blogs	DNA Reveals a Hidden Truth About Abraham Lincoln's Mother's Ancestry
First Humans	hPzWq3RnOxU	2026-05-20T22:37:44Z	gemessen	14396	434	572	People & Blogs	After 55 Years, D.B. Cooper’s True Identity Finally Comes Down to 2 Men
First Humans	mFqnZ1kuNsU	2026-05-27T23:02:03Z	gemessen	99900	2919	516	People & Blogs	Baalbek Megalithic Structure Mystery Finally Solved — No Human Could Ever Build
First Humans	AcK4fkPgLZc	2026-06-03T22:22:24Z	gemessen	28246	706	551	People & Blogs	AI Finally Decoded the Antikythera Computer’s Missing Half — This Shouldn't Exist
First Humans	REV_9oqbvOU	2026-06-15T21:45:25Z	gemessen	82274	4322	597	People & Blogs	The DNA of the Most Isolated Tribe on Earth is Rewriting Human History
First Humans	JHQv1S14FqE	2026-06-19T21:43:59Z	gemessen	3588	167	519	People & Blogs	Tracing the Genetic Heritage of the Netherlands
First Humans	JAgzCITzc-E	2026-06-24T22:50:55Z	gemessen	20434	599	500	People & Blogs	New Study Cracks the Stonehenge Mystery and Reveals Hidden Order
First Humans	AbQK3MJsgHU	2026-06-27T20:54:00Z	gemessen	47556	1474	522	People & Blogs	Scientists Finally Uncovered What the Terracotta Army Was Built To Hide — But Refuse to Open It
First Humans	QKPc4xoZHiU	2026-07-02T22:59:12Z	gemessen	150827	3386	587	People & Blogs	Scientists Scanned The Nefertiti Bust — And Exposed a Secret
First Humans	cUjzWq9UPBk	2026-07-07T00:10:57Z	gemessen	10094	567	480	People & Blogs	Scientists Finally Reveal What Tesla Built Beneath Wardenclyffe Tower
First Humans	xhLpoONXVHc	2026-07-11T22:24:06Z	gemessen	3414	185	522	People & Blogs	Scientists Finally Solved The Napoleon Mummification Mystery
First Humans	XHyWDzBCQi8	2026-07-14T19:38:14Z	gemessen	53367	1164	483	People & Blogs	Scientists Opened a Cave Sealed for 40,000 Years — What Was Inside Rewrites History
First Humans	HkHusM-KtI8	2026-07-17T22:24:49Z	gemessen	244575	5211	524	People & Blogs	The Baltic Sea Anomaly Mystery Solved - With Proof
First Humans	7k_awsfDYss	2026-07-20T22:25:35Z	gemessen	958004	14072	576	People & Blogs	AI Just Solved the Alcatraz Escape After 64 Years — With Proof
First Humans	CA7xOTBDL3s	2026-07-23T22:28:01Z	gemessen	61947	1993	481	People & Blogs	The Ramesses Mystery Solved - After 3,000 Years
First Humans	c815MrTJO5I	2026-07-26T22:56:23Z	gemessen	10944	476	514	People & Blogs	Scientists Finally Solved The Type O Blood Mystery — America's Hidden Bloodline
First Humans	0X6MxjN2YC4	2026-08-06T20:58:31Z	gemessen	319643	7634	965	People & Blogs	The Dyatlov Pass Mystery Solved - With Proof
Folks of Yore	UBOf1BXz9cE	2025-03-26T18:30:32Z	gemessen	1284	62	1144	Education	What It Was Actually Like to Be a Renaissance Barber-Surgeon
Folks of Yore	N1fHlTBG5wg	2025-04-08T00:32:11Z	gemessen	1679	70	1683	Education	The Strangest Inventions of the Renaissance Era
Folks of Yore	xQ51oueGqEE	2025-04-22T16:18:28Z	gemessen	1345	74	1196	Education	The SHOCKING Truth About Crime and Punishment in  Renaissance Florence
Folks of Yore	DXMFGCyVlXc	2025-05-16T18:53:27Z	gemessen	4091	203	1424	Education	The Secret Daily Life of a Medieval Alchemist
Folks of Yore	IrjdyFFI4xc	2025-05-28T17:28:19Z	gemessen	3563	187	690	Education	The Brutal Life of Medieval Squires
Folks of Yore	EeEeLID9mis	2025-06-27T18:00:44Z	gemessen	1871	105	916	Education	What It Was Actually Like to Live in a Medieval Castle
Folks of Yore	3DxKKLRma9Q	2025-07-28T17:07:22Z	gemessen	2337	186	603	Education	The Hidden History of Folk Magic in the Middle Ages
Folks of Yore	lD0zImgeHsU	2025-08-20T23:00:50Z	gemessen	7386	384	905	Education	The Psychology of a Medieval Peasant
Folks of Yore	mC3j6VioY2U	2025-10-27T20:48:59Z	gemessen	2358	170	1575	Education	Göbekli Tepe Proves Everything Wrong About the Agricultural Revolution
Folks of Yore	1sGDIeldr-s	2026-01-23T17:43:16Z	gemessen	657870	34811	808	Education	Your "Busy" Life Would Disgust an Ancient Roman
Folks of Yore	fmUNJcq02pg	2026-02-12T16:05:04Z	gemessen	101666	6340	1467	Education	Why Ancients Treasured Sadness and Modernity Forbids It
Folks of Yore	AnOUfYuScuA	2026-02-24T22:29:59Z	gemessen	8357	667	1690	Education	Why You Wake Up at 3 AM Every Night | History of The Watch
Folks of Yore	x2OwN6gfrf0	2026-03-12T14:47:28Z	gemessen	73711	4745	1813	Education	The Ancient Greeks Wouldn't Recognize What We Call Love
Folks of Yore	DMSXG8ID3zs	2026-03-27T15:00:00Z	gemessen	12234	884	1383	Education	What Ancient Romans Understood About FAILURE That We've Forgotten
Folks of Yore	tm-aABTUOkA	2026-04-10T23:33:40Z	gemessen	8413	732	1396	Education	Your Doomscrolling Was Diagnosed 1,700 Years Ago
Folks of Yore	DMk3QOq0lQ0	2026-04-20T22:09:45Z	gemessen	6397	538	1086	Education	You Were Never Supposed To Know This Much About The World
Folks of Yore	HcMOUgXIACU	2026-05-02T16:00:00Z	gemessen	8578	621	1360	Education	Looksmaxxing, Clavicular, and the Death of Meaning
Folks of Yore	iuu6sPr6vfo	2026-05-25T16:00:24Z	gemessen	264732	18298	1232	Education	Why Friendship Today Looks Nothing Like It Did for the Ancients
Folks of Yore	SxTXdOLK-iI	2026-06-19T16:38:40Z	gemessen	4486	399	1256	Education	The Death of Honor: The Warrior Code We Left Behind
Folks of Yore	XHE2P7BCekk	2026-07-07T15:00:26Z	gemessen	3775	359	804	Education	Why Modern Work Feels Meaningless: The Hidden History of Work and Burnout
Folks of Yore	vDgSmKfTrO8	2026-07-24T15:00:33Z	gemessen	7463	497	1343	Education	Why Life in Ancient Rome Puts Ours to Shame
History Mapped Out	gakWWXTuF2o	2023-04-05T14:00:07Z	gemessen	14003	397	629	Education	Arab-Israeli Wars on the Map: Palestine, Six-Day War, Yom Kippur War
History Mapped Out	yPwAgQlNAQQ	2023-04-10T10:27:15Z	gemessen	5535	145	1003	Education	From Hiroshima to Present Day: The History of Nuclear Weapons | History Mapped Out
History Mapped Out	AHblR67_478	2023-04-19T12:12:53Z	gemessen	18211	485	764	Education	Oil Wars: How the Black Gold Shaped the World
History Mapped Out	mGz5B6HZWt0	2023-04-25T14:15:06Z	gemessen	11883	278	428	Education	Selling Alaska: How Russia Lost to the USA
History Mapped Out	RRA_2b-E0Ac	2023-05-08T14:15:02Z	gemessen	364337	4322	1135	Education	Biggest Empires: Powerful States Throughout History
History Mapped Out	Dox0b_7MnJY	2023-05-18T14:55:47Z	gemessen	12297	283	775	Education	The Vietnam War: Conflict and Its Consequences
History Mapped Out	c_Fuv203fqY	2023-05-29T13:45:03Z	gemessen	9990	374	800	Education	History of Ukraine: The Ukrainian Path to Independence
History Mapped Out	-TYPJJtfrY8	2023-06-09T21:27:40Z	gemessen	10415	285	737	Education	Africa’s Poverty: History, Resources, Wars & Demographic Boom
History Mapped Out	f9IYWjf76d4	2023-06-20T17:39:34Z	gemessen	5432	192	781	Education	Money Through Time: From Antiquity to the Present
History Mapped Out	BKwWEpYSSXo	2023-06-30T21:32:57Z	gemessen	8458	182	705	Education	History of the USA: Military Campaigns and Global Influence (Part 1)
History Mapped Out	Vm2o_KrcZ8o	2023-07-14T12:25:53Z	gemessen	6585	138	820	Education	History of the USA: Military Campaigns and Global Influence (Part 2)
History Mapped Out	LI3a-pgAATQ	2023-07-25T22:08:27Z	gemessen	114441	2114	678	Education	History of the Sumerians and the Fall of the Akkadian Empire
History Mapped Out	oeakw_nEAk8	2023-08-05T16:08:34Z	gemessen	124545	2441	826	Education	Great Northern War: The ambitions of Peter the Great and the establishment of the Russian empire
History Mapped Out	Z5TdEzxhx_U	2023-08-10T19:33:01Z	gemessen	33772	576	603	Education	The Roman Empire: power and discipline
History Mapped Out	BU3X7bqmB-A	2023-08-19T09:20:33Z	gemessen	7101	178	984	Education	The United States at World War 2: the most powerful Allie
History Mapped Out	mmdLO1rykGQ	2023-08-26T10:11:44Z	gemessen	32780	565	756	Education	Frontier to Frontier: Unstoppable Expansion of the United States
History Mapped Out	Cj-OMuGYT4w	2023-09-04T17:25:39Z	gemessen	6683	206	1158	Education	Cold War: When the World Split in Half
History Mapped Out	OJc2D6Y5PS4	2023-09-12T13:54:30Z	gemessen	185347	1878	932	Education	Age of Discovery: Exploring the New World (Part 1)
History Mapped Out	i6N2VyBI_nw	2023-09-25T15:51:10Z	gemessen	39210	915	828	Education	From Suleiman to Ataturk: The History of the Ottoman Empire
History Mapped Out	wz9E6WIyI6w	2023-10-04T19:01:57Z	gemessen	14267	363	1133	Education	Japan in World War II: A Small Empire with Big Ambitions
History Mapped Out	vTxCL-0CZnU	2023-10-15T16:30:09Z	gemessen	10861	293	789	Education	Breakup of Yugoslavia: bloody wars, NATO intervention
History Mapped Out	ygXLn0qfBZU	2023-10-27T13:53:36Z	gemessen	21353	432	701	Education	The History of Scotland: First War of Scottish Independence
History Mapped Out	vXhddRpnirM	2023-11-09T18:33:08Z	gemessen	35947	632	940	Education	Age of Discovery: The path to the East that led to the West (Part 2)
History Mapped Out	n9MpbvETa4M	2023-11-20T17:55:24Z	gemessen	31263	652	603	Education	Napoleon Bonaparte: Victory After Victory
History Mapped Out	_HPcfcuLtJc	2023-11-29T18:03:44Z	gemessen	12862	269	868	Education	The Normandy landing: Turning point of World War II
History Mapped Out	4Rgf3MUlCt0	2023-12-12T15:00:03Z	gemessen	7854	272	870	Education	The Full History of Piracy (Part 1)
History Mapped Out	DTTJmSyJw60	2023-12-19T14:27:43Z	gemessen	18033	502	887	Education	Great Britain vs China : History Opium Wars
History Mapped Out	XziYw8H9HMc	2023-12-27T16:09:38Z	gemessen	7327	240	940	Education	The Full History of Piracy (Part 2)
History Mapped Out	_UnsIckunrY	2024-01-05T16:00:23Z	gemessen	6926	245	915	Education	India–Pakistan War: A Protracted Conflict
History Mapped Out	qopm2tGvxoQ	2024-01-15T15:18:44Z	gemessen	273097	3345	735	Education	The Dutch Colonial Empire: Small Metropole, Big Ambitions
History Mapped Out	edHQtWzpBNI	2024-01-27T15:21:07Z	gemessen	25725	593	524	Education	History of Alexander the Great: Conquering the World
History Mapped Out	9enUkOouhyw	2024-02-07T15:29:14Z	gemessen	8407	279	803	Education	Third Reich VS Poland: Invading and Dividing
History Mapped Out	IeJ6Ap6Jg48	2024-02-21T17:59:20Z	gemessen	1554956	20297	1083	Education	The Migration Period: How Europe Was Born
History Mapped Out	5q7JMuH46vI	2024-03-03T16:00:07Z	gemessen	324009	4864	1097	Education	From World War I to World War II: A Restless Break
History Mapped Out	kLKNoUKa-iI	2024-03-13T15:02:33Z	gemessen	58033	867	979	Education	The World War 2: The Fall of France
History Mapped Out	u-vzm7GsteI	2024-03-21T16:03:40Z	gemessen	152416	2020	923	Education	The Punic Wars: Rise and Fall of Carthage
History Mapped Out	t7vcrjT6_ZQ	2024-03-31T14:36:03Z	gemessen	35114	719	958	Education	Battle of Stalingrad: The Turning Point of World War II
History Mapped Out	bu95XURh-L8	2024-04-07T13:25:10Z	gemessen	162474	2532	1065	Education	How Russia Became So Big: The Conquest of Far East
History Mapped Out	9oWqnF5vubs	2024-04-16T13:56:18Z	gemessen	104949	1433	1015	Education	The History of the USA: American Revolution and War for Independence
History Mapped Out	TAh1447GNcY	2024-04-25T14:49:40Z	gemessen	136955	2346	1298	Education	The Mongol Empire: Nomads That Conquered Half of the World
History Mapped Out	YlTR4XclPjM	2024-05-03T19:30:09Z	gemessen	790284	13622	1197	Education	The Franks: the Birth of Modern Europe
History Mapped Out	CGSfk_K64OU	2024-05-16T20:22:45Z	gemessen	300423	4948	1325	Education	History of the Habsburgs: The Powerful Rulers of Europe
History Mapped Out	8vSCqw2n1Es	2024-05-29T19:31:01Z	gemessen	32864	692	1210	Education	The Complete History of Chivalry: Feudals, Tournaments, Money
History Mapped Out	CtBaC971eUw	2024-06-07T19:26:58Z	gemessen	225657	3396	1494	Education	The Shocking Rise and Fall of the Byzantine Empire
History Mapped Out	dmImyBXul7c	2024-06-20T16:09:26Z	gemessen	1448760	16273	1453	Education	The History of England: The Anglo-Saxon Invasion of Britain
History Mapped Out	e3xOByQ_Nc0	2024-07-04T20:21:44Z	gemessen	92067	1225	1203	Education	Napoleon Bonaparte: The fall of the Empire
History Mapped Out	CzJwPNqVHGA	2024-07-15T18:53:05Z	gemessen	174014	2964	1202	Education	History of Russia: The Bloody Rise of The Grand Duchy of Moscow
History Mapped Out	VO0ylL3JRKk	2024-07-26T19:29:28Z	gemessen	546522	8405	1323	Education	Hundred Years' War: England vs. France
History Mapped Out	Hahox99jRas	2024-08-05T19:42:51Z	gemessen	518786	7454	1070	Education	The Holy Roman Empire: The Rise of Medieval Europe
History Mapped Out	lqH8bqObMqE	2024-08-20T20:28:33Z	gemessen	1297871	21094	1716	Education	The Seven Years' War: The First Global War
History Mapped Out	B6cJ7oxzObU	2024-08-30T20:03:57Z	gemessen	102404	1880	1354	Education	The Beginning of the Wars with the Native Americans
History Mapped Out	wGcCGaXb86s	2024-09-07T19:05:04Z	gemessen	1156146	12714	1314	Education	The History of England: The Viking Invasion
History Mapped Out	xhDaXtA0AHk	2024-09-17T18:30:52Z	gemessen	25392	625	904	Education	How China Became a Superpower: The Path to Success
History Mapped Out	_hAaEqIs3Cs	2024-09-27T19:08:06Z	gemessen	245943	4035	1339	Education	Muslim Invasions of Christian Europe
History Mapped Out	qwuJiXkl76g	2024-10-04T18:52:37Z	gemessen	126278	1710	984	Education	Greco-Persian Wars: The Rebellion that Lit Up Independence
History Mapped Out	sQpDCvDEgEk	2024-10-12T18:15:04Z	gemessen	223959	3069	902	Education	European Empires in Conflict: The History of the Crimean War
History Mapped Out	ofuBKf-3Lgc	2024-10-18T18:00:26Z	gemessen	265423	5581	1359	Education	The Creation Of The Polish–Lithuanian Commonwealth
History Mapped Out	iGlbRkXg5k8	2024-10-25T19:20:02Z	gemessen	237112	3591	1367	Education	The Origins of Papacy and the Road to Power
History Mapped Out	EKxNtJ3UY8Y	2024-11-01T19:30:02Z	gemessen	660099	7329	1297	Education	The First Crusade: How The Holy War Started
History Mapped Out	cMp3UCK2uwk	2024-11-08T19:49:33Z	gemessen	1813086	23954	1308	Education	The Reconquista: The Victory of Christianity and the Unification of Spain
History Mapped Out	2OVrddCnihc	2024-11-15T19:36:19Z	gemessen	533608	6795	1539	Education	Wars of the Roses: The Yorks vs. The Lancasters
History Mapped Out	Xq8wUZUUT5k	2024-11-23T18:43:43Z	gemessen	589296	12173	1534	Education	History of the Celts: The Civilization That Gave Birth to Europe
History Mapped Out	36dpuAm3tUY	2024-12-06T17:17:53Z	gemessen	328884	5233	1618	Education	Thirty Years' War: A War for Religious Dominance in Europe
History Mapped Out	17WbTF5fuL4	2024-12-15T17:47:04Z	gemessen	99031	1762	975	Education	Anglo-Spanish War: How the English Defeated the Spanish Armada
History Mapped Out	ZyuldBCTQQw	2024-12-24T17:06:47Z	gemessen	122239	2691	886	Education	War of the Austrian Succession: The Habsburg Succession Crisis
History Mapped Out	dGPtddlOZuo	2025-01-08T20:10:23Z	gemessen	267961	4810	1721	Education	The Italian Wars: Causes and Results of the Largest Conflict of the 16th Century
History Mapped Out	sISMEcpO2y0	2025-01-20T18:30:39Z	gemessen	113622	2154	1552	Education	The English Civil War: The Conflict That Overthrew the Monarchy
History Mapped Out	JDouwB6EMpI	2025-02-04T18:28:25Z	gemessen	542575	8856	1318	Education	The Great Turkish War: The Holy League Against the Ottomans
History Mapped Out	6DCLvz8579Q	2025-02-16T16:00:06Z	gemessen	270189	5122	1378	Education	War of the Spanish Succession: The Decline of the Spanish Empire
History Mapped Out	bqbgQvlKSeA	2025-03-01T18:50:19Z	gemessen	386309	6238	1786	Education	History of Germanic People: Those Who Were Feared By Rome
History Mapped Out	Z7mC5wEIJjQ	2025-03-11T05:03:09Z	abgeleitet	440000		1623		The Second Crusade: The Crusader States That Destroyed Themselves
History Mapped Out	N1MG4lBI6ok	2025-03-21T10:06:18Z	abgeleitet	197000		1250		History of Poland: Slavs, Legendary Kings, and the Rise of a Nation
History Mapped Out	yzqt75QTsc8	2025-03-31T15:09:28Z	abgeleitet	76000		1613		Great Power Objectives in the Seven Years' War
History Mapped Out	HPQ5BtFsPZM	2025-04-10T20:12:37Z	abgeleitet	983000		1649		Why Prussia Made Europe So Dangerous
History Mapped Out	_cglXYNDj3s	2025-04-21T01:15:47Z	abgeleitet	169000		1424		History of the Risorgimento: Italy’s Unification
History Mapped Out	RWpt1SuHpYk	2025-05-01T06:18:56Z	abgeleitet	273000		1835		History of England: The Normans and the Struggle for the Crown
History Mapped Out	WTpS0ktrI5s	2025-05-11T11:22:06Z	abgeleitet	53000		1539		Road to Empire: Alexander the Great - The Beginning of the Conquests
History Mapped Out	mQeefC2E8uw	2025-05-21T16:25:15Z	abgeleitet	57000		1738		The Tudor Epoch: A Dynasty’s History on England’s Throne
History Mapped Out	EggCo2cNcLc	2025-05-31T21:28:25Z	abgeleitet	215000		1346		History of France: How Medieval France Was Formed
History Mapped Out	RwkmrGdLwTk	2025-06-11T02:31:34Z	abgeleitet	219000		1759		History of Ireland: From Celts to English Rule
History Mapped Out	jw5WWe_bbYU	2025-06-21T07:34:44Z	abgeleitet	75000		1689		History of the Nomads: From the Cimmerians to the Sarmatians
History Mapped Out	4q3i33EFH4g	2025-07-01T12:37:53Z	abgeleitet	174000		1806		The Plantagenet Dynasty: Kings of England, Lords of France
History Mapped Out	NZjD_WrQAPs	2025-07-11T17:41:03Z	abgeleitet	701000		1334		Unification of Germany: How Prussia Reshaped Europe
History Mapped Out	l-ohuZUcSUQ	2025-07-21T22:44:12Z	abgeleitet	102000		1402		Polish Invasion of Russia: The Time of Troubles Explained
History Mapped Out	Um1x5Z0fFn8	2025-08-01T03:47:22Z	abgeleitet	95000		1794		The Hussite Wars: How Faith Changed Bohemia and Europe
History Mapped Out	N08OyMXmNo0	2025-08-11T08:50:31Z	abgeleitet	149000		1235		Northern Crusades: Europe’s War on Pagans
History Mapped Out	McchqEyufYE	2025-08-21T13:53:41Z	abgeleitet	852000		1920		History of the Scandinavian Kingdoms
History Mapped Out	u0WvnqpArkU	2025-08-31T18:56:50Z	abgeleitet	53000		1340		Germany in Flames: The Radical Wars of the Reformation
History Mapped Out	PLM7VS2A2RA	2025-09-06T14:24:00Z	abgeleitet	252000		1335		History of the Ottoman Empire: The Conquest of Europe
History Mapped Out	bs8doPmuYFo	2025-09-12T04:48:00Z	abgeleitet	266000		1260		History and Origins of Hungary
History Mapped Out	-bYn-rR2cDA	2025-09-17T19:12:00Z	abgeleitet	65000		1322		The Reformation in France: A War of Faith That Changed a Nation
History Mapped Out	7Yv5kETDlrA	2025-09-23T09:36:00Z	abgeleitet	253000		1745		The Third Crusade: Battles for the Holy Land
History Mapped Out	qQVjjDb__qs	2025-10-06T14:24:00Z	abgeleitet	75000		1370		The End of the Reconquista and the Unification of Spain
History Mapped Out	4hl-WlrdU54	2025-10-12T04:48:00Z	abgeleitet	274000		1848		History of Islam: Rise and Expansion
History Mapped Out	AU0R0QXhMgc	2025-10-17T19:12:00Z	abgeleitet	72000		1739		A Century of War: Commonwealth and Sweden on the Baltic Sea
History Mapped Out	HgiQTEawFjY	2025-10-23T09:36:00Z	abgeleitet	235000		1550		The Formation of the Holy Roman Empire
History Mapped Out	H8piBGdNltc	2025-11-08T00:00:00Z	abgeleitet	77000		1303		History of Norway: The Era of Civil Wars
History Mapped Out	pxZxcbcH_zc	2025-11-15T00:00:00Z	abgeleitet	99000		1680		The Rise of Switzerland: A History of Struggle and Strength
History Mapped Out	XT7NNnSPAY0	2025-11-22T00:00:00Z	abgeleitet	37000		1189		The Great Silk Road: A History That Changed the World
History Mapped Out	rrz5OqbZtzg	2025-12-05T16:00:00Z	abgeleitet	142000		1326		History of Medieval Sweden: From Tribes to Kingdom
History Mapped Out	LLBjhsgfmsM	2025-12-10T08:00:00Z	abgeleitet	81000		1263		Merchant Empire of the Hanseatic League: The Story of the Largest Medieval Trade Network
History Mapped Out	oBukQLP2sJw	2025-12-15T00:00:00Z	abgeleitet	50000		1435		The Rise of the Holy Roman Empire: A Historical Overview
History Mapped Out	t-SkUfBmxro	2025-12-19T16:00:00Z	abgeleitet	462000		1918		Dutch Independence: War Against the Spanish Empire
History Mapped Out	doyD2Fxe28A	2025-12-24T08:00:00Z	abgeleitet	41000		1754		The Rise of Rus: From Slavic Tribes to a Mighty State
History Mapped Out	QiT0njL-vqs	2026-01-06T14:24:00Z	abgeleitet	55000		1581		The Birth of the Hungarian Kingdom: From Pagans to the Shield of Europe
History Mapped Out	YJLdVXKY7kA	2026-01-12T04:48:00Z	abgeleitet	366000		1299		The Slavs: A Migration That Shaped Europe
History Mapped Out	BQXHP-HbEOc	2026-01-17T19:12:00Z	abgeleitet	35000		1565		Europe on the Eve of World War I
History Mapped Out	PtZunmUyaDE	2026-01-23T09:36:00Z	abgeleitet	155000		1769		How Debt Destroyed the Danish Kingdom
History Mapped Out	MoBo4sQDxxU	2026-02-06T14:24:00Z	abgeleitet	59000		1298		How the Holy Roman Empire Lost Central Authority
History Mapped Out	Mf7jckhIPfQ	2026-02-12T04:48:00Z	abgeleitet	46000		1619		Paths of Indo-European Language Expansion
History Mapped Out	ZzePaQN-fsw	2026-02-17T19:12:00Z	abgeleitet	49000		1753		History of Christianity on the World Map
History Mapped Out	C8hvGP-hD9g	2026-02-23T09:36:00Z	abgeleitet	35000		1869		European States and the Adoption of Christianity in Medieval Europe
History Mapped Out	jnB_92dfwG0	2026-03-06T14:24:00Z	abgeleitet	38000		1540		History of Prussia: How Wars Made It a Great Power
History Mapped Out	RjMRnyGzMn0	2026-03-12T04:48:00Z	abgeleitet	132000		1599		The Norman Invasion that Rewrote Mediterranean History
History Mapped Out	BCplOOLJy34	2026-03-17T19:12:00Z	abgeleitet	34000		1284		The German Empire: From Prussia to a European Power
History Mapped Out	dZ7OmiGFBMc	2026-03-23T09:36:00Z	abgeleitet	235000		1614		The Rise and Fall of Ottoman Power in the Balkans
History Mapped Out	URp_H7dJCD8	2026-04-06T14:24:00Z	abgeleitet	130000		2301		Pyrrhus vs Rome: The Pyrrhic War That Changed Italy
History Mapped Out	ONd0CulwBgc	2026-04-12T04:48:00Z	abgeleitet	80000		1540		How the Ottoman Empire Changed Europe and the Middle East
History Mapped Out	xflV43nYACk	2026-04-17T19:12:00Z	abgeleitet	152000		1847		The Battle of Poitiers: The Clash Between the Franks and the Muslim World
History Mapped Out	6zpshs2l8n8	2026-04-23T09:36:00Z	abgeleitet	59000		1314		Austria-Hungary: The Empire Doomed to Collapse
History Mapped Out	n4Ixc7-kEqY	2026-05-06T14:24:00Z	abgeleitet	36000		1510		Goths vs the Roman Empire: The War That Changed Europe
History Mapped Out	Phg-OugS1F8	2026-05-12T04:48:00Z	abgeleitet	124000		1504		Medieval Europe: Every Kingdom's Rise and Fall
History Mapped Out	LqyFCgnNYnI	2026-05-17T19:12:00Z	abgeleitet	32000		1539		500 Men vs 5 Million: How the Aztec Empire Actually Fell
History Mapped Out	PJaALSPskjg	2026-05-23T09:36:00Z	abgeleitet	13000		2046		Why the Vikings Disappeared from Greenland
History Mapped Out	EbCUAOtDqMA	2026-06-08T00:00:00Z	abgeleitet	369000		1511		Castile: The Kingdom That Shattered Muslim Spain
History Mapped Out	lKHT8fILNUY	2026-06-15T00:00:00Z	abgeleitet	31000		1671		Crusade in the Heart of Europe: The Destruction of the Cathars
History Mapped Out	ki32yn8R9t8	2026-06-22T00:00:00Z	abgeleitet	62000		1462		Why Justinian’s Greatest Triumph Was a Disaster
History Mapped Out	jSO0dVvzt7g	2026-07-06T14:24:00Z	abgeleitet	35000		2243		The Fourth Crusade: The Holy War That Destroyed Christendom
History Mapped Out	TqgNhUzH_iY	2026-07-12T04:48:00Z	abgeleitet	33000		1371		Vandals: The People Who Took the Sea From Rome
History Mapped Out	lyIf5pN2x6s	2026-07-17T19:12:00Z	abgeleitet	95000		1684		Scotland: How a Medieval Nation Withstood an Empire
History Mapped Out	_PliM4WJNkE	2026-07-23T09:36:00Z	abgeleitet	20000		1313		The Huns: How They Built Antiquity's Deadliest Power
History Mapped Out	YHiulck0uTo	2026-07-26T09:36:00Z	abgeleitet	15000		1928		Clontarf: The Battle Ireland Won and Lost Its King
History Mapped Out	OTb8WECONfY	2026-07-28T00:00:00Z	abgeleitet	19000		1411		The Arab Conquest of Persia: The Fall of a Superpower
History Mapped Out	sKl7YhJ7xyA	2026-08-03T00:00:00Z	abgeleitet	37000		1790		The Jagiellons: How Poland and Lithuania Built Europe's Largest State
