kanal	kanal_id	video_id	titel	views	sekunden	datum	alter_tage	datum_guete	quelle
Historically	UCoZd78hRUdxxsuGiABuHF_A	CzkJJqo6GgY	The most Hateful Man that ever Lived	637702	180	2023-04-15	1213	gemessen	g2-videos.tsv
Historically	UCoZd78hRUdxxsuGiABuHF_A	nORI8r5Mgts	The Rise and Fall of Wu Zetian	1840865	616	2023-05-12	1186	gemessen	g2-videos.tsv
Historically	UCoZd78hRUdxxsuGiABuHF_A	8xBwIrr8qSw	A Thirty Years War and a Drunky Boy	1772682	826	2023-08-05	1101	gemessen	g2-videos.tsv
Historically	UCoZd78hRUdxxsuGiABuHF_A	zQP37B7QCeE	HEISENBERG: The Dumber Oppenheimer	1190661	447	2023-08-29	1077	gemessen	g2-videos.tsv
Historically	UCoZd78hRUdxxsuGiABuHF_A	-yi8kl8LWtg	The Shortest War EVER	3042127	685	2023-11-05	1009	gemessen	g2-videos.tsv
Historically	UCoZd78hRUdxxsuGiABuHF_A	_pKIPqrTh9s	What happened to the Ancient World Wonders?	4004549	1708	2024-02-29	893	gemessen	g2-videos.tsv
Historically	UCoZd78hRUdxxsuGiABuHF_A	FFxf_IsYm4Y	The Philosopher Everyone Hates...	3665647	1299	2024-04-27	835	gemessen	g2-videos.tsv
Historically	UCoZd78hRUdxxsuGiABuHF_A	nKRTWlQO9ms	My Favorite Piece of Arabic History	2102337	896	2024-06-01	800	gemessen	g2-videos.tsv
Historically	UCoZd78hRUdxxsuGiABuHF_A	wgsMw3wU5hE	How a Refugee became a Prince	1160624	1100	2024-09-04	705	gemessen	g2-videos.tsv
Historically	UCoZd78hRUdxxsuGiABuHF_A	xv-xHG7pJzw	WW2's BEST Soldiers...	5164958	4475	2025-02-28	528	gemessen	g2-videos.tsv
Historically	UCoZd78hRUdxxsuGiABuHF_A	wK9XgMvTfHg	The Jesus Problem	3510319	952	2025-05-09	458	gemessen	g2-videos.tsv
Historically	UCoZd78hRUdxxsuGiABuHF_A	ZoyhgaNw4eM	The Dumbest Heist in History	793150	702	2025-05-28	439	gemessen	g2-videos.tsv
Historically	UCoZd78hRUdxxsuGiABuHF_A	GZ1-BtL6j14	Sieging Castles SUCKS actually...	1820808	920	2025-06-28	408	gemessen	g2-videos.tsv
Historically	UCoZd78hRUdxxsuGiABuHF_A	F0_d1xjk2to	This Country Disappeared 8 TIMES....	2993913	1266	2025-08-29	346	gemessen	g2-videos.tsv
Historically	UCoZd78hRUdxxsuGiABuHF_A	mtdqhaX44YQ	That Time PIRATES started a COUNTRY...	1991232	1067	2025-10-21	293	gemessen	g2-videos.tsv
Historically	UCoZd78hRUdxxsuGiABuHF_A	apnosqvA57g	The God of Horror	1293059	1178	2025-12-27	226	gemessen	g2-videos.tsv
Historically	UCoZd78hRUdxxsuGiABuHF_A	qc4p6ko-tpA	Fact-Checking Hitler	1899027	1399	2026-01-31	191	gemessen	g2-videos.tsv
Historically	UCoZd78hRUdxxsuGiABuHF_A	FSCcvXi0PvY	The Longest War EVER	2072219	1448	2026-03-15	148	gemessen	g2-videos.tsv
Historically	UCoZd78hRUdxxsuGiABuHF_A	EHLI2WZUtXs	The ENTIRE History of ROME	6218491	2309	2026-04-19	113	gemessen	g2-videos.tsv
Historically	UCoZd78hRUdxxsuGiABuHF_A	w5mhZs73Qwc	The CHAOTIC First World War	1224658	1871	2026-06-21	50	gemessen	g2-videos.tsv
Historically	UCoZd78hRUdxxsuGiABuHF_A	uuXVRRPaGfc	Meet WW2's Villains	1088238	1137	2026-06-30	41	gemessen	g2-videos.tsv
quack doc	UC2NRf0-PH8IiMq5uA5FHJnA	VDIASoXvHE4	The Most Terrifying Scientists In Human History	9074	446	2024-03-09	884	gemessen	g2-videos.tsv
quack doc	UC2NRf0-PH8IiMq5uA5FHJnA	sPA5UvIo0jc	The Most Brutal Surgeries In Human History	18663	536	2024-03-25	868	gemessen	g2-videos.tsv
quack doc	UC2NRf0-PH8IiMq5uA5FHJnA	65iKL2u0a9o	Most Painful Poisons in the World	26598	781	2024-04-12	850	gemessen	g2-videos.tsv
quack doc	UC2NRf0-PH8IiMq5uA5FHJnA	eFJ0Za9N-4E	Scientific Misconceptions For You To Bring Up During Family Dinner	7145	747	2024-05-02	830	gemessen	g2-videos.tsv
quack doc	UC2NRf0-PH8IiMq5uA5FHJnA	ieN5oB7wrvA	The Most Evil Parents of All Time	9863	642	2024-05-11	821	gemessen	g2-videos.tsv
quack doc	UC2NRf0-PH8IiMq5uA5FHJnA	-49v_vMvfv0	The Most Evil Cops Of All Time	9346	752	2024-05-17	815	gemessen	g2-videos.tsv
quack doc	UC2NRf0-PH8IiMq5uA5FHJnA	lPhGVKplSTE	Parents Who Took Revenge On Child Predators	61633	676	2024-05-20	812	gemessen	g2-videos.tsv
quack doc	UC2NRf0-PH8IiMq5uA5FHJnA	rjs6RYEbPHk	Famous Youtubers That Became Criminals	9020	607	2024-05-24	808	gemessen	g2-videos.tsv
quack doc	UC2NRf0-PH8IiMq5uA5FHJnA	yNVo2cnFVWU	Truly Evil Animal Experiments That ACTUALLY Happened	7643	561	2024-05-28	804	gemessen	g2-videos.tsv
quack doc	UC2NRf0-PH8IiMq5uA5FHJnA	unwIoerPJS0	The Worst War Crimes Committed In Human History	75649	619	2024-06-01	800	gemessen	g2-videos.tsv
quack doc	UC2NRf0-PH8IiMq5uA5FHJnA	pbP1k5t8T5U	The Biggest Haters in Human History	9809	541	2024-06-04	797	gemessen	g2-videos.tsv
quack doc	UC2NRf0-PH8IiMq5uA5FHJnA	_kddydOh7wY	Lucky People Who Survived The Impossible	4712	527	2024-06-07	794	gemessen	g2-videos.tsv
quack doc	UC2NRf0-PH8IiMq5uA5FHJnA	gXJThHeK8to	Dumbest Way People Died In Human History	7833	503	2024-06-13	788	gemessen	g2-videos.tsv
quack doc	UC2NRf0-PH8IiMq5uA5FHJnA	sznY_Hp8E7w	The Bloodiest Wars in Human History(1 Million+ Deaths)	8185	701	2024-06-17	784	gemessen	g2-videos.tsv
quack doc	UC2NRf0-PH8IiMq5uA5FHJnA	7Th7depsQ_Q	Things That Would Get You Killed In The Dark Ages	4584	496	2024-06-21	780	gemessen	g2-videos.tsv
quack doc	UC2NRf0-PH8IiMq5uA5FHJnA	BYtNVJm06EQ	Scariest Tribal Cults To Ever Exist	9191	529	2024-06-25	776	gemessen	g2-videos.tsv
quack doc	UC2NRf0-PH8IiMq5uA5FHJnA	D7GT0vEucBI	Animals With Generational BEEF	16649	608	2024-07-06	765	gemessen	g2-videos.tsv
quack doc	UC2NRf0-PH8IiMq5uA5FHJnA	dsmo4dUJW1Q	Humans With Questionable Super Powers	6463	536	2024-07-11	760	gemessen	g2-videos.tsv
quack doc	UC2NRf0-PH8IiMq5uA5FHJnA	htUdjqFobp0	What It Was Like To Die In Every Time Period	5580	557	2024-07-17	754	gemessen	g2-videos.tsv
quack doc	UC2NRf0-PH8IiMq5uA5FHJnA	jc9RV3rfg8w	What War Was Like In Every Time Period	16908	556	2024-07-29	742	gemessen	g2-videos.tsv
quack doc	UC2NRf0-PH8IiMq5uA5FHJnA	J3NLJKq0qO8	The Most Bizarre Cults Iceberg Explained	552637	3525	2024-08-16	724	gemessen	g2-videos.tsv
quack doc	UC2NRf0-PH8IiMq5uA5FHJnA	N_3zf03U4M8	The Most Evil Human Experiment Iceberg Explained	1292180	3292	2024-09-27	682	gemessen	g2-videos.tsv
quack doc	UC2NRf0-PH8IiMq5uA5FHJnA	6tcSvyO4jx8	The DARK Diddy Iceberg Explained	13518	1724	2024-10-22	657	gemessen	g2-videos.tsv
quack doc	UC2NRf0-PH8IiMq5uA5FHJnA	-UfqxQRcr3k	The Most Disturbing Serial Killers Iceberg Explained	189050	2898	2024-11-04	644	gemessen	g2-videos.tsv
quack doc	UC2NRf0-PH8IiMq5uA5FHJnA	YZdl-uMfE0Y	The Most Brutal Torture Methods Iceberg Explained	419686	3216	2024-11-29	619	gemessen	g2-videos.tsv
quack doc	UC2NRf0-PH8IiMq5uA5FHJnA	gApkzgP28cM	"The Ulimate ""Why It Sucks To Be Born As ___"" Tier List"	8948	1673	2025-01-11	576	gemessen	g2-videos.tsv
quack doc	UC2NRf0-PH8IiMq5uA5FHJnA	q8oWGO2iX4o	The Most Disturbing Afterlife Theories Iceberg Explained	1906003	3364	2025-02-25	531	gemessen	g2-videos.tsv
quack doc	UC2NRf0-PH8IiMq5uA5FHJnA	4dE7pKJ5W4M	4 Hours of DARK & Disturbing Icebergs Explained	168502	16283	2025-03-06	522	gemessen	g2-videos.tsv
quack doc	UC2NRf0-PH8IiMq5uA5FHJnA	0dg8W5QH-mA	The Craziest Drugs Iceberg Explained	417821	4237	2025-03-09	519	gemessen	g2-videos.tsv
quack doc	UC2NRf0-PH8IiMq5uA5FHJnA	BZ9enOCOzng	The FBI Most Wanted Criminals Iceberg Explained	388611	3389	2025-03-17	511	gemessen	g2-videos.tsv
quack doc	UC2NRf0-PH8IiMq5uA5FHJnA	QrItDWfu4O8	The Most Disturbing Cave Deathes Iceberg Explained	158696	3150	2025-03-21	507	gemessen	g2-videos.tsv
quack doc	UC2NRf0-PH8IiMq5uA5FHJnA	RZOXrcACX24	The Most Deadly Diseases Iceberg Explained	1505065	3799	2025-04-02	495	gemessen	g2-videos.tsv
quack doc	UC2NRf0-PH8IiMq5uA5FHJnA	ltcx7bHK41M	The Disturbing Space Iceberg Explained	697728	5904	2025-04-07	490	gemessen	g2-videos.tsv
quack doc	UC2NRf0-PH8IiMq5uA5FHJnA	ydlKm2CQSx4	The Devastating Tragedies Iceberg Explained	409553	3724	2025-04-12	485	gemessen	g2-videos.tsv
quack doc	UC2NRf0-PH8IiMq5uA5FHJnA	czh5F-o4FjY	The Extremely Disturbing Hell Iceberg Explained	380859	3575	2025-04-20	477	gemessen	g2-videos.tsv
quack doc	UC2NRf0-PH8IiMq5uA5FHJnA	wVjJ6cyMQDo	The Unit 731 Iceberg Explained	1702842	7991	2025-04-27	470	gemessen	g2-videos.tsv
quack doc	UC2NRf0-PH8IiMq5uA5FHJnA	cZM74XJt52A	What If 1 Gorila Fought 100 Men?	11503	481	2025-04-29	468	gemessen	g2-videos.tsv
quack doc	UC2NRf0-PH8IiMq5uA5FHJnA	awRhsK42PeE	The Disturbing Banned Books Iceberg Explained	233854	3567	2025-05-06	461	gemessen	g2-videos.tsv
quack doc	UC2NRf0-PH8IiMq5uA5FHJnA	fZNf2WS2QOA	The Disturbing Banned Video Games Iceberg Explained	266325	4391	2025-05-10	457	gemessen	g2-videos.tsv
quack doc	UC2NRf0-PH8IiMq5uA5FHJnA	sXIaekN1tVE	The Disturbing War Crimes Iceberg Explained	218715	5432	2025-05-16	451	gemessen	g2-videos.tsv
quack doc	UC2NRf0-PH8IiMq5uA5FHJnA	3n1D_QrFRPA	The Disturbing World War 2 Iceberg Explained	459199	3848	2025-05-21	446	gemessen	g2-videos.tsv
quack doc	UC2NRf0-PH8IiMq5uA5FHJnA	8kufLg2a3fE	The Disturbing Unsolved True Crime Cases Iceberg	121938	4041	2025-05-29	438	gemessen	g2-videos.tsv
quack doc	UC2NRf0-PH8IiMq5uA5FHJnA	iz0w3WjDXE0	7 Hours of DARK & Disturbing Icebergs Explained	69551	25677	2025-06-06	430	gemessen	g2-videos.tsv
quack doc	UC2NRf0-PH8IiMq5uA5FHJnA	cTD6I4nWWIo	The Most Disturbing Religions Iceberg Explained	915268	3480	2025-06-08	428	gemessen	g2-videos.tsv
quack doc	UC2NRf0-PH8IiMq5uA5FHJnA	R7tlozYjgFc	The Entire History of Human Civilizations Explained	116219	4138	2025-06-14	422	gemessen	g2-videos.tsv
quack doc	UC2NRf0-PH8IiMq5uA5FHJnA	Z9RA08Hshqo	The Bizarre Bible Theories Iceberg Explained	463799	7936	2025-06-21	415	gemessen	g2-videos.tsv
quack doc	UC2NRf0-PH8IiMq5uA5FHJnA	A1r7XmTy8Fc	The Most Disturbing Movies In History Iceberg Explained	269201	4352	2025-06-26	410	gemessen	g2-videos.tsv
quack doc	UC2NRf0-PH8IiMq5uA5FHJnA	7dyBvc-r3z4	The Most Disturbing Unsolved Mysteries Iceberg Explained	179857	4736	2025-07-05	401	gemessen	g2-videos.tsv
quack doc	UC2NRf0-PH8IiMq5uA5FHJnA	SBtrolFdrg8	The Disturbing Apocalypses Iceberg Explained	153767	3547	2025-07-14	392	gemessen	g2-videos.tsv
quack doc	UC2NRf0-PH8IiMq5uA5FHJnA	5qxT_xTCqK8	The Disturbing SCP Iceberg Explained	300847	3461	2025-07-20	386	gemessen	g2-videos.tsv
quack doc	UC2NRf0-PH8IiMq5uA5FHJnA	cApSrHiqygA	The Disturbing Ocean Mysteries Iceberg Explained	181763	3603	2025-07-24	382	gemessen	g2-videos.tsv
quack doc	UC2NRf0-PH8IiMq5uA5FHJnA	V7eRenexKe8	The 9/11 Iceberg Explained	251684	2501	2025-07-31	375	gemessen	g2-videos.tsv
quack doc	UC2NRf0-PH8IiMq5uA5FHJnA	JVNRhPs1GcE	Dante's Inferno & The 9 Levels of Hell Iceberg Explained	19883	2324	2025-08-08	367	gemessen	g2-videos.tsv
quack doc	UC2NRf0-PH8IiMq5uA5FHJnA	i3ThnOaLSPs	The Disturbing Reddit Iceberg Explained	60543	2582	2025-08-10	365	gemessen	g2-videos.tsv
quack doc	UC2NRf0-PH8IiMq5uA5FHJnA	arqpnX0cRSk	The Alternate Timeline Iceberg Explained	49881	4607	2025-08-15	360	gemessen	g2-videos.tsv
quack doc	UC2NRf0-PH8IiMq5uA5FHJnA	gvi4D42YktU	The Bizarre Cryptid Iceberg Explained	109824	4338	2025-08-21	354	gemessen	g2-videos.tsv
quack doc	UC2NRf0-PH8IiMq5uA5FHJnA	h_rSC97ERn8	The Disturbing Heaven Iceberg Explained	134638	3155	2025-08-24	351	gemessen	g2-videos.tsv
quack doc	UC2NRf0-PH8IiMq5uA5FHJnA	cKkkCj_1P8Q	The Disturbing Websites Iceberg Explained	289565	3677	2025-08-27	348	gemessen	g2-videos.tsv
quack doc	UC2NRf0-PH8IiMq5uA5FHJnA	wuXH3aEJKWg	The Disturbing USA Iceberg Explained	92326	3736	2025-09-02	342	gemessen	g2-videos.tsv
quack doc	UC2NRf0-PH8IiMq5uA5FHJnA	UZBpbz4yQt4	The Disturbing Demonology Iceberg Explained	185843	3404	2025-09-06	338	gemessen	g2-videos.tsv
quack doc	UC2NRf0-PH8IiMq5uA5FHJnA	UytAs8E3mSg	The Disturbing Vietnam War Iceberg Explained	109429	3491	2025-09-10	334	gemessen	g2-videos.tsv
quack doc	UC2NRf0-PH8IiMq5uA5FHJnA	kbJeOLaC7Yo	The Dark & Disturbing North Korea Iceberg	264044	4772	2025-09-14	330	gemessen	g2-videos.tsv
quack doc	UC2NRf0-PH8IiMq5uA5FHJnA	hU4_fohiZ08	The Disturbing Spongebob Iceberg Explained	47261	2479	2025-09-19	325	gemessen	g2-videos.tsv
quack doc	UC2NRf0-PH8IiMq5uA5FHJnA	XZGXuvB1CA0	The Disturbing Online Cult Iceberg	97473	3499	2025-09-24	320	gemessen	g2-videos.tsv
quack doc	UC2NRf0-PH8IiMq5uA5FHJnA	bbraUQkGEFE	The Most Disturbing Unsolved Disappearances Iceberg Explained	62369	2837	2025-09-28	316	gemessen	g2-videos.tsv
quack doc	UC2NRf0-PH8IiMq5uA5FHJnA	nqF0IH8YNy4	The Disturbing Furry Iceberg Explained	72665	2443	2025-10-03	311	gemessen	g2-videos.tsv
quack doc	UC2NRf0-PH8IiMq5uA5FHJnA	NUA350fsH6I	The Lovecraftian Entity Iceberg	479523	2591	2025-10-07	307	gemessen	g2-videos.tsv
quack doc	UC2NRf0-PH8IiMq5uA5FHJnA	Vx4sqTfUwfo	3 Hours of Disturbing Cults & Religions Iceberg Explained	203896	10504	2025-10-12	302	gemessen	g2-videos.tsv
quack doc	UC2NRf0-PH8IiMq5uA5FHJnA	h8KsmjRlZNI	Disturbing World War 1 Iceberg Explained	136239	2965	2025-10-15	299	gemessen	g2-videos.tsv
quack doc	UC2NRf0-PH8IiMq5uA5FHJnA	l4DBeL86SVo	The Celebrity Conspiracy Iceberg Explained	92836	2627	2025-10-19	295	gemessen	g2-videos.tsv
quack doc	UC2NRf0-PH8IiMq5uA5FHJnA	_V260qkQfys	4 Hours of Disturbing War Iceberg Explained	71029	15743	2025-10-23	291	gemessen	g2-videos.tsv
quack doc	UC2NRf0-PH8IiMq5uA5FHJnA	Pc0WqrXWhD0	The Mysterious & Lost Locations Iceberg Explained	55266	2669	2025-10-26	288	gemessen	g2-videos.tsv
quack doc	UC2NRf0-PH8IiMq5uA5FHJnA	VmM8sZRaYrI	The Disturbing Kpop Iceberg Explained	297787	2812	2025-10-30	284	gemessen	g2-videos.tsv
quack doc	UC2NRf0-PH8IiMq5uA5FHJnA	c2GXN1aMuF8	3+ Hours of Disturbing Afterlife Theories Iceberg Explained	84737	12426	2025-11-02	281	gemessen	g2-videos.tsv
quack doc	UC2NRf0-PH8IiMq5uA5FHJnA	TXc_HXMFSiw	The Disturbing Anime Fandom Iceberg Explained	38186	2814	2025-11-06	277	gemessen	g2-videos.tsv
quack doc	UC2NRf0-PH8IiMq5uA5FHJnA	B63Qx3KbVHY	The Most Disturbing Sports Accidents Iceberg Explained	16928	2646	2025-11-09	274	gemessen	g2-videos.tsv
quack doc	UC2NRf0-PH8IiMq5uA5FHJnA	IG97W5FmmVs	The Disturbing Banned Documentaries Iceberg Explained	61605	2779	2025-11-13	270	gemessen	g2-videos.tsv
quack doc	UC2NRf0-PH8IiMq5uA5FHJnA	TzGTocwtuH4	The Disturbing Signs Iceberg Explained	38383	2455	2025-11-17	266	gemessen	g2-videos.tsv
quack doc	UC2NRf0-PH8IiMq5uA5FHJnA	6dXoQOgkyaM	The Disturbing School Shooting Iceberg Explained	55397	3087	2025-11-20	263	gemessen	g2-videos.tsv
quack doc	UC2NRf0-PH8IiMq5uA5FHJnA	JVcGhaZjuZE	The Cold War Iceberg	33287	3090	2025-11-26	257	gemessen	g2-videos.tsv
quack doc	UC2NRf0-PH8IiMq5uA5FHJnA	cCOlDOgery0	The Most Disturbing Deaths Iceberg Explained	57180	3254	2025-12-01	252	gemessen	g2-videos.tsv
quack doc	UC2NRf0-PH8IiMq5uA5FHJnA	yEg6iWbM2yQ	The Disturbing Sleep & Dream Iceberg Explained	26261	2923	2025-12-07	246	gemessen	g2-videos.tsv
quack doc	UC2NRf0-PH8IiMq5uA5FHJnA	WS7483jOcRA	The Disturbing Gacha Life Iceberg Explained	195786	2651	2025-12-13	240	gemessen	g2-videos.tsv
quack doc	UC2NRf0-PH8IiMq5uA5FHJnA	Mh-O9Fy7qlA	The Most Disturbing Theme Park Incidents Iceberg	43982	3157	2025-12-16	237	gemessen	g2-videos.tsv
quack doc	UC2NRf0-PH8IiMq5uA5FHJnA	nqE2t-QWlSg	The Disturbing Slavery Iceberg	28541	3295	2025-12-21	232	gemessen	g2-videos.tsv
quack doc	UC2NRf0-PH8IiMq5uA5FHJnA	SvH5KBv17Vk	The Disturbing Banned Kids Show Episodes Iceberg Explained	26759	2806	2025-12-31	222	gemessen	g2-videos.tsv
quack doc	UC2NRf0-PH8IiMq5uA5FHJnA	FY5TqJJApwE	The Forbidden Places Iceberg Explained	240396	2958	2026-01-05	217	gemessen	g2-videos.tsv
quack doc	UC2NRf0-PH8IiMq5uA5FHJnA	o8u5gwZ5IAk	The Disturbing Ancient Rome Iceberg	94849	3003	2026-01-10	212	gemessen	g2-videos.tsv
quack doc	UC2NRf0-PH8IiMq5uA5FHJnA	N0Sl-s6MzJU	The Disturbing South Korea Iceberg Explained	26548	3220	2026-01-22	200	gemessen	g2-videos.tsv
quack doc	UC2NRf0-PH8IiMq5uA5FHJnA	edSyTSGSNFY	Disturbing WW2 Weapons Iceberg	19695	3233	2026-01-26	196	gemessen	g2-videos.tsv
quack doc	UC2NRf0-PH8IiMq5uA5FHJnA	B9H_J83rylk	The Disturbing Discord Iceberg Explained	17064	3075	2026-01-29	193	gemessen	g2-videos.tsv
quack doc	UC2NRf0-PH8IiMq5uA5FHJnA	TZ62oQEqViQ	The Ultimate Disturbing Appalachia Iceberg	75786	3030	2026-02-04	187	gemessen	g2-videos.tsv
quack doc	UC2NRf0-PH8IiMq5uA5FHJnA	pUzrXioZUGs	The Disturbing Banned Animations Iceberg Explained	28246	3051	2026-02-08	183	gemessen	g2-videos.tsv
quack doc	UC2NRf0-PH8IiMq5uA5FHJnA	h4RRLp8LTB0	The Disturbing Japan Iceberg Explained	26281	3062	2026-02-13	178	gemessen	g2-videos.tsv
quack doc	UC2NRf0-PH8IiMq5uA5FHJnA	TWbbsd01ifc	The Religious Apocalypse Iceberg	29376	2788	2026-02-17	174	gemessen	g2-videos.tsv
quack doc	UC2NRf0-PH8IiMq5uA5FHJnA	K3LGid8jgls	Every Major EVIL Human Experiment in 26 Minutes	13788	1589	2026-02-22	169	gemessen	g2-videos.tsv
quack doc	UC2NRf0-PH8IiMq5uA5FHJnA	c2Y3muOfX8o	Disturbing Archaeology Iceberg	78584	2931	2026-02-25	166	gemessen	g2-videos.tsv
quack doc	UC2NRf0-PH8IiMq5uA5FHJnA	cbJdMtnDAtg	The Disturbing Nazi Iceberg Explained	106524	3324	2026-03-06	157	gemessen	g2-videos.tsv
quack doc	UC2NRf0-PH8IiMq5uA5FHJnA	6TgHEqwAujI	Every Unit 731 Experiment in 30 Minutes	379659	1827	2026-03-11	152	gemessen	g2-videos.tsv
quack doc	UC2NRf0-PH8IiMq5uA5FHJnA	7bQrV1a471Q	The Disturbing Extinct Disney Iceberg Explained	36135	2965	2026-03-15	148	gemessen	g2-videos.tsv
quack doc	UC2NRf0-PH8IiMq5uA5FHJnA	Vkpi8slcDEY	The Disturbing Native American Iceberg Explained	21342	3176	2026-03-21	142	gemessen	g2-videos.tsv
quack doc	UC2NRf0-PH8IiMq5uA5FHJnA	7WJii152KWI	The Disturbing Holocaust Iceberg Explained	37520	2975	2026-03-25	138	gemessen	g2-videos.tsv
quack doc	UC2NRf0-PH8IiMq5uA5FHJnA	WJFb_8bRnIM	The Disturbing Ancient Mysteries Iceberg Explained	159980	3266	2026-03-29	134	gemessen	g2-videos.tsv
quack doc	UC2NRf0-PH8IiMq5uA5FHJnA	LQ_6OG7-xmA	What Dying From Every Deadly Disease Feels Like	1836957	1716	2026-04-02	130	gemessen	g2-videos.tsv
quack doc	UC2NRf0-PH8IiMq5uA5FHJnA	14DGSfOlsVE	The Disturbing Christianity Iceberg	32456	2937	2026-04-05	127	gemessen	g2-videos.tsv
quack doc	UC2NRf0-PH8IiMq5uA5FHJnA	F94VoO5nmnw	The Disturbing Ancient Civilizations Iceberg Explained	130638	3046	2026-04-09	123	gemessen	g2-videos.tsv
quack doc	UC2NRf0-PH8IiMq5uA5FHJnA	WqiMzpkCrmk	The Most Disturbing Incidents Caused by Cults	44389	1574	2026-04-12	120	gemessen	g2-videos.tsv
quack doc	UC2NRf0-PH8IiMq5uA5FHJnA	48W3wVbZhqA	The US War Crime Iceberg Explained	13023	3182	2026-04-16	116	gemessen	g2-videos.tsv
quack doc	UC2NRf0-PH8IiMq5uA5FHJnA	7QuXVw_075I	The Disturbing CIA Iceberg Explained	21607	3001	2026-04-20	112	gemessen	g2-videos.tsv
quack doc	UC2NRf0-PH8IiMq5uA5FHJnA	9W2LKaAF5Us	The Disturbing Black Death Iceberg Explained	23207	2998	2026-04-25	107	gemessen	g2-videos.tsv
quack doc	UC2NRf0-PH8IiMq5uA5FHJnA	B96hj9yOvPo	Most Disturbing Reddit Confessions Ever	11879	1667	2026-04-29	103	gemessen	g2-videos.tsv
quack doc	UC2NRf0-PH8IiMq5uA5FHJnA	2KlU4s8bBjE	The DISTURBING Cartel Iceberg Explained	26373	3064	2026-05-02	100	gemessen	g2-videos.tsv
quack doc	UC2NRf0-PH8IiMq5uA5FHJnA	B5VjsW_NNgw	The Worst Serial Killers From Every Country	19150	1796	2026-05-07	95	gemessen	g2-videos.tsv
quack doc	UC2NRf0-PH8IiMq5uA5FHJnA	xhmt-UO7bYM	What it Feels Like to Die from Every Cult	19289	1648	2026-05-14	88	gemessen	g2-videos.tsv
quack doc	UC2NRf0-PH8IiMq5uA5FHJnA	NmfPT5VXGXg	The Disturbing Reality Shows Iceberg Explained	27371	3168	2026-05-18	84	gemessen	g2-videos.tsv
quack doc	UC2NRf0-PH8IiMq5uA5FHJnA	y4nnRWD5Bi0	The Disturbing GTA 5 Iceberg Explained	18425	2579	2026-05-27	75	gemessen	g2-videos.tsv
quack doc	UC2NRf0-PH8IiMq5uA5FHJnA	Yxwu44VADyo	The Disturbing Great Depression Iceberg Explained	23236	3110	2026-06-07	64	gemessen	g2-videos.tsv
quack doc	UC2NRf0-PH8IiMq5uA5FHJnA	c_bb5e6U5NA	The Disturbing Internet Predator Iceberg Explained	30043	3048	2026-06-16	55	gemessen	g2-videos.tsv
quack doc	UC2NRf0-PH8IiMq5uA5FHJnA	mDKQWOPi2ok	What Dying From Every Deadly Disease Feels Like - Part 2	136295	1913	2026-06-19	52	gemessen	g2-videos.tsv
quack doc	UC2NRf0-PH8IiMq5uA5FHJnA	_myoxEh418U	Every Religion's Hell & What It Would Feel Like	115317	1781	2026-06-30	41	gemessen	g2-videos.tsv
quack doc	UC2NRf0-PH8IiMq5uA5FHJnA	A-P6b4hs9WE	The Worst Dashcam Deaths Ever Caught on Camera	10001	1581	2026-07-07	34	gemessen	g2-videos.tsv
quack doc	UC2NRf0-PH8IiMq5uA5FHJnA	FktanGGS6WY	The Worst Punishments in Ancient Civilizations	674600	1620	2026-07-13	28	gemessen	g2-videos.tsv
quack doc	UC2NRf0-PH8IiMq5uA5FHJnA	f-5Hsgbatvs	The Disturbing Nonhuman Encounters Iceberg Explained	170418	2931	2026-07-17	24	gemessen	g2-videos.tsv
quack doc	UC2NRf0-PH8IiMq5uA5FHJnA	icxTI-dpM5M	The Disturbing Islam Iceberg Explained	61969	3246	2026-07-21	20	gemessen	g2-videos.tsv
quack doc	UC2NRf0-PH8IiMq5uA5FHJnA	iyceg15aJX0	What Dying From Every Deadly Ancient Disease Feels Like	134745	1706	2026-08-02	8	gemessen	g2-videos.tsv
quack doc	UC2NRf0-PH8IiMq5uA5FHJnA	kwrLVfyjVG0	The Most Disturbing Punishments In Each Religion	11427	1560	2026-08-09	1	gemessen	g2-videos.tsv
Professor Historian	UC35fL9KdO0OSC9CoQk5MLfg	yCFp27Kbwpo	The Most EVIL Doctors in History	10392	829	2026-04-27	105	gemessen	g2-videos.tsv
Professor Historian	UC35fL9KdO0OSC9CoQk5MLfg	yqNXuHHH6S8	The Craziest Laws From Ancient Civilizations	58081	863	2026-04-29	103	gemessen	g2-videos.tsv
Professor Historian	UC35fL9KdO0OSC9CoQk5MLfg	kC4hErBshbc	Ancient Technologies We Still Can't Explain	4643004	996	2026-05-03	99	gemessen	g2-videos.tsv
Professor Historian	UC35fL9KdO0OSC9CoQk5MLfg	Jq2OVSuYzkI	Kings Who Lost Their Minds	222304	856	2026-05-06	96	gemessen	g2-videos.tsv
Professor Historian	UC35fL9KdO0OSC9CoQk5MLfg	KbrgGU2FG5I	The Most TERRIFYING Last Words in History	17559	908	2026-05-10	92	gemessen	g2-videos.tsv
Professor Historian	UC35fL9KdO0OSC9CoQk5MLfg	SlEfdb6wvlE	The Most Brutal Betrayals In History	227660	930	2026-05-14	88	gemessen	g2-videos.tsv
Professor Historian	UC35fL9KdO0OSC9CoQk5MLfg	Kby3zW4m2jM	Leaders Who Died in the Dumbest Ways Possible	52222	872	2026-05-21	81	gemessen	g2-videos.tsv
Professor Historian	UC35fL9KdO0OSC9CoQk5MLfg	l-iDswSsw50	Kings Who Killed Their Own Families	32117	1017	2026-05-26	76	gemessen	g2-videos.tsv
Professor Historian	UC35fL9KdO0OSC9CoQk5MLfg	aUA7KnhHb7o	Every Drug Used in Ancient Civilizations	600810	1000	2026-06-02	69	gemessen	g2-videos.tsv
Professor Historian	UC35fL9KdO0OSC9CoQk5MLfg	fc19ey3FFC0	The Most EVIL Experiments Ordered by Kings	29934	732	2026-06-06	65	gemessen	g2-videos.tsv
Professor Historian	UC35fL9KdO0OSC9CoQk5MLfg	xsYWDpZOY9M	1 Hour of the WORST Kings in History	94303	3458	2026-06-09	62	gemessen	g2-videos.tsv
Professor Historian	UC35fL9KdO0OSC9CoQk5MLfg	BvgYdkHhM5o	The Most EVIL Punishments in History	13955	954	2026-06-10	61	gemessen	g2-videos.tsv
Professor Historian	UC35fL9KdO0OSC9CoQk5MLfg	JxegJqzpzxI	The Most UNHINGED Queens in History	13362	1027	2026-06-13	58	gemessen	g2-videos.tsv
Professor Historian	UC35fL9KdO0OSC9CoQk5MLfg	wD5_bR_LTr8	The Most INBRED Kings of All Time	9839	797	2026-06-17	54	gemessen	g2-videos.tsv
Professor Historian	UC35fL9KdO0OSC9CoQk5MLfg	aps2wMygS5I	Mistakes That Collapsed Entire Empires	27160	1173	2026-06-24	47	gemessen	g2-videos.tsv
Professor Historian	UC35fL9KdO0OSC9CoQk5MLfg	wL27lkaG98A	Every Poison Used in Ancient Civilizations	3599	792	2026-07-01	40	gemessen	g2-videos.tsv
Professor Historian	UC35fL9KdO0OSC9CoQk5MLfg	oQdwdpKBqIk	Ancient Inventions That Were Centuries Ahead of Their Time	18761	1208	2026-07-05	36	gemessen	g2-videos.tsv
Professor Historian	UC35fL9KdO0OSC9CoQk5MLfg	cHB2wBPCmmw	Disgusting Foods Ancient People ACTUALLY Ate	6509	800	2026-07-09	32	gemessen	g2-videos.tsv
Professor Historian	UC35fL9KdO0OSC9CoQk5MLfg	8g5x1OOsoXI	1 Hour of the CRAZIEST Stories From Ancient Times	571554	4082	2026-07-18	23	gemessen	g2-videos.tsv
Professor Historian	UC35fL9KdO0OSC9CoQk5MLfg	ZJo8kRR82T8	Ancient Medical Practices That Were Completely INSANE	2603	799	2026-07-22	19	gemessen	g2-videos.tsv
Professor Historian	UC35fL9KdO0OSC9CoQk5MLfg	n7VBjyIx1V4	Ancient Discoveries That We Still CANT Explain	6899	749	2026-07-29	12	gemessen	g2-videos.tsv
Professor Historian	UC35fL9KdO0OSC9CoQk5MLfg	CemKPHa2IUw	1 HOUR of the Craziest Realities of Ancient Times	5843	3342	2026-08-02	8	gemessen	g2-videos.tsv
Professor Historian	UC35fL9KdO0OSC9CoQk5MLfg	hjg-Avdv7jc	Coincidences So Impossible They CANT be Coincidences	2742	895	2026-08-05	5	gemessen	g2-videos.tsv
Professor Historian	UC35fL9KdO0OSC9CoQk5MLfg	qf2iTpd5mHo	Ancient Civilizations That Vanished Without a Trace	3259	922	2026-08-08	2	gemessen	g2-videos.tsv
First Humans	UCAksyQw6LlPRw-rYhEPADMA	LB9mwofGnDU	Ancient DNA Finally Reveals the REAL Origin of the Neanderthals	276826	510	2025-08-16	359	gemessen	g2-videos.tsv
First Humans	UCAksyQw6LlPRw-rYhEPADMA	9T8ad-4_QTI	Ancient DNA Reveals Who the Aztecs Really Were — And How They Collapsed	2768	484	2025-08-23	352	gemessen	g2-videos.tsv
First Humans	UCAksyQw6LlPRw-rYhEPADMA	JA55OORHeFc	Ancient DNA Reveals Our Neanderthal Legacy	2135	489	2025-08-28	347	gemessen	g2-videos.tsv
First Humans	UCAksyQw6LlPRw-rYhEPADMA	e3Sw49IpLPM	Ancient DNA Finally Reveals Why Neanderthals Went Extinct	85638	537	2025-09-02	342	gemessen	g2-videos.tsv
First Humans	UCAksyQw6LlPRw-rYhEPADMA	ol-9-waanos	Ancient DNA Reveals the Truth about Neanderthals	4369	589	2025-09-10	334	gemessen	g2-videos.tsv
First Humans	UCAksyQw6LlPRw-rYhEPADMA	JJVR8L0-HZY	Ancient DNA Reveals the REAL Origin of the Black Irish	81842	485	2025-09-16	328	gemessen	g2-videos.tsv
First Humans	UCAksyQw6LlPRw-rYhEPADMA	6hWTuuvjNbM	Ancient DNA Finally Reveals the REAL Origin of the Vikings	4120	486	2025-09-28	316	gemessen	g2-videos.tsv
First Humans	UCAksyQw6LlPRw-rYhEPADMA	KnPNxDtI2WA	Ancient DNA Reveals the REAL Origin of Europeans	32515	488	2025-10-11	303	gemessen	g2-videos.tsv
First Humans	UCAksyQw6LlPRw-rYhEPADMA	QTb_f0aAccY	Ancient DNA Reveals the Extinction Bottleneck	4049	523	2025-10-17	297	gemessen	g2-videos.tsv
First Humans	UCAksyQw6LlPRw-rYhEPADMA	wzLQGCBXVMM	Ancient Human Species We Once Shared the Earth With	1325	615	2025-10-25	289	gemessen	g2-videos.tsv
First Humans	UCAksyQw6LlPRw-rYhEPADMA	zjffhyM-HBQ	Ancient DNA Reveals the Hidden Links Between Eye Color and Ancestry	20520	501	2025-11-07	276	gemessen	g2-videos.tsv
First Humans	UCAksyQw6LlPRw-rYhEPADMA	hinF0brxkdw	Ancient DNA Reveals the Real Origins of Scottish People	2029	493	2025-11-17	266	gemessen	g2-videos.tsv
First Humans	UCAksyQw6LlPRw-rYhEPADMA	-kkNhg-MvRk	Ancient DNA Reveals the REAL Origin of Scotland’s PICTS	146216	493	2025-11-28	255	gemessen	g2-videos.tsv
First Humans	UCAksyQw6LlPRw-rYhEPADMA	p06VEojKkLM	Ancient DNA Reveals the Two Origins of Humanity	55342	485	2025-12-06	247	gemessen	g2-videos.tsv
First Humans	UCAksyQw6LlPRw-rYhEPADMA	lmOukQBHvOw	Ancient DNA Reveals the Real Story of Cat Domestication	7659	484	2025-12-21	232	gemessen	g2-videos.tsv
First Humans	UCAksyQw6LlPRw-rYhEPADMA	-e-kFMFjnUo	50,000 Year Old DNA Discovery Reveals the REAL Origin Of Neanderthals	4164	531	2026-01-12	210	gemessen	g2-videos.tsv
First Humans	UCAksyQw6LlPRw-rYhEPADMA	Yzt9_QywE9s	Ancient DNA Reveals Tutankhamun’s Shocking Family Secret	388180	483	2026-01-19	203	gemessen	g2-videos.tsv
First Humans	UCAksyQw6LlPRw-rYhEPADMA	JVS4ymOwL-A	Ancient DNA Finally Solves The Frozen Children Mystery And Exposes A Dark Secret	194796	489	2026-01-28	194	gemessen	g2-videos.tsv
First Humans	UCAksyQw6LlPRw-rYhEPADMA	F9MDapReuoI	Modern Science Finally Reveals What Happened at Dyatlov Pass	366668	483	2026-02-07	184	gemessen	g2-videos.tsv
First Humans	UCAksyQw6LlPRw-rYhEPADMA	OOxICBG4EpE	New Discovery Reveals a Hidden Order at Göbekli Tepe.	12999	499	2026-02-17	174	gemessen	g2-videos.tsv
First Humans	UCAksyQw6LlPRw-rYhEPADMA	L0-1hy4KQUg	New Evidence Reveals The Shocking Truth About Skeleton E26	47875	507	2026-02-26	165	gemessen	g2-videos.tsv
First Humans	UCAksyQw6LlPRw-rYhEPADMA	tTKXqpeo258	Scientists Opened This Ancient Chinese Tomb and Were SHOCKED	2512	530	2026-03-04	159	gemessen	g2-videos.tsv
First Humans	UCAksyQw6LlPRw-rYhEPADMA	bKbaTBMZmkY	130,000-Year-Old Mastodon Bone Mystery Reveals Who the REAL First Americans Were	50897	486	2026-03-08	155	gemessen	g2-videos.tsv
First Humans	UCAksyQw6LlPRw-rYhEPADMA	H7C6yb-JugE	Scientists Finally Solve the Mystery of the Mummy Found in a California Garage	16077	542	2026-03-13	150	gemessen	g2-videos.tsv
First Humans	UCAksyQw6LlPRw-rYhEPADMA	qu-ney-p9vs	What DNA Revealed About The Melungeons Changes Everything We Know About American History	86906	555	2026-03-17	146	gemessen	g2-videos.tsv
First Humans	UCAksyQw6LlPRw-rYhEPADMA	5jZZPy85kuw	Modern DNA Analysis Unmasked the Real Jack the Ripper	57852	542	2026-03-22	141	gemessen	g2-videos.tsv
First Humans	UCAksyQw6LlPRw-rYhEPADMA	qsnmKUfTPm4	King Richard III's DNA Reveals a Shocking Truth That Rewrites 500 Years of History	754428	524	2026-03-28	135	gemessen	g2-videos.tsv
First Humans	UCAksyQw6LlPRw-rYhEPADMA	mI4YJqfDQ_E	Scientists Scanned The Shroud of Turin — And Found Something They Couldn't Explain	11605	510	2026-04-03	129	gemessen	g2-videos.tsv
First Humans	UCAksyQw6LlPRw-rYhEPADMA	TQNFWJpvr0I	Ancient Egyptian Granite Cutting Mystery Finally Solved - With Proof	233812	520	2026-04-07	125	gemessen	g2-videos.tsv
First Humans	UCAksyQw6LlPRw-rYhEPADMA	0gpv3iPpUqU	Researchers Uncovered the Hidden Fate of Rome's 9th Legion	311164	541	2026-04-12	120	gemessen	g2-videos.tsv
First Humans	UCAksyQw6LlPRw-rYhEPADMA	cUc3uz9RmCA	Scientists Finally Solved The Roanoke Colony Mystery - After 400 Years	2344087	527	2026-04-15	117	gemessen	g2-videos.tsv
First Humans	UCAksyQw6LlPRw-rYhEPADMA	ko8n-mihUPI	The Hidden Truth Behind the 1518 Dancing Plague	4753	570	2026-04-28	104	gemessen	g2-videos.tsv
First Humans	UCAksyQw6LlPRw-rYhEPADMA	zvTHV3AQXow	7,000-Year-Old DNA Reveals Shocking Truth That Rewrites Human History	2450	557	2026-05-12	90	gemessen	g2-videos.tsv
First Humans	UCAksyQw6LlPRw-rYhEPADMA	bzs_An0jtZU	DNA Reveals a Hidden Truth About Abraham Lincoln's Mother's Ancestry	71119	530	2026-05-16	86	gemessen	g2-videos.tsv
First Humans	UCAksyQw6LlPRw-rYhEPADMA	hPzWq3RnOxU	After 55 Years, D.B. Cooper’s True Identity Finally Comes Down to 2 Men	14396	572	2026-05-20	82	gemessen	g2-videos.tsv
First Humans	UCAksyQw6LlPRw-rYhEPADMA	mFqnZ1kuNsU	Baalbek Megalithic Structure Mystery Finally Solved — No Human Could Ever Build	99900	516	2026-05-27	75	gemessen	g2-videos.tsv
First Humans	UCAksyQw6LlPRw-rYhEPADMA	AcK4fkPgLZc	AI Finally Decoded the Antikythera Computer’s Missing Half — This Shouldn't Exist	28246	551	2026-06-03	68	gemessen	g2-videos.tsv
First Humans	UCAksyQw6LlPRw-rYhEPADMA	REV_9oqbvOU	The DNA of the Most Isolated Tribe on Earth is Rewriting Human History	82274	597	2026-06-15	56	gemessen	g2-videos.tsv
First Humans	UCAksyQw6LlPRw-rYhEPADMA	JHQv1S14FqE	Tracing the Genetic Heritage of the Netherlands	3588	519	2026-06-19	52	gemessen	g2-videos.tsv
First Humans	UCAksyQw6LlPRw-rYhEPADMA	JAgzCITzc-E	New Study Cracks the Stonehenge Mystery and Reveals Hidden Order	20434	500	2026-06-24	47	gemessen	g2-videos.tsv
First Humans	UCAksyQw6LlPRw-rYhEPADMA	AbQK3MJsgHU	Scientists Finally Uncovered What the Terracotta Army Was Built To Hide — But Refuse to Open It	47556	522	2026-06-27	44	gemessen	g2-videos.tsv
First Humans	UCAksyQw6LlPRw-rYhEPADMA	QKPc4xoZHiU	Scientists Scanned The Nefertiti Bust — And Exposed a Secret	150827	587	2026-07-02	39	gemessen	g2-videos.tsv
First Humans	UCAksyQw6LlPRw-rYhEPADMA	cUjzWq9UPBk	Scientists Finally Reveal What Tesla Built Beneath Wardenclyffe Tower	10094	480	2026-07-07	34	gemessen	g2-videos.tsv
First Humans	UCAksyQw6LlPRw-rYhEPADMA	xhLpoONXVHc	Scientists Finally Solved The Napoleon Mummification Mystery	3414	522	2026-07-11	30	gemessen	g2-videos.tsv
First Humans	UCAksyQw6LlPRw-rYhEPADMA	XHyWDzBCQi8	Scientists Opened a Cave Sealed for 40,000 Years — What Was Inside Rewrites History	53367	483	2026-07-14	27	gemessen	g2-videos.tsv
First Humans	UCAksyQw6LlPRw-rYhEPADMA	HkHusM-KtI8	The Baltic Sea Anomaly Mystery Solved - With Proof	244575	524	2026-07-17	24	gemessen	g2-videos.tsv
First Humans	UCAksyQw6LlPRw-rYhEPADMA	7k_awsfDYss	AI Just Solved the Alcatraz Escape After 64 Years — With Proof	958004	576	2026-07-20	21	gemessen	g2-videos.tsv
First Humans	UCAksyQw6LlPRw-rYhEPADMA	CA7xOTBDL3s	The Ramesses Mystery Solved - After 3,000 Years	61947	481	2026-07-23	18	gemessen	g2-videos.tsv
First Humans	UCAksyQw6LlPRw-rYhEPADMA	c815MrTJO5I	Scientists Finally Solved The Type O Blood Mystery — America's Hidden Bloodline	10944	514	2026-07-26	15	gemessen	g2-videos.tsv
First Humans	UCAksyQw6LlPRw-rYhEPADMA	0X6MxjN2YC4	The Dyatlov Pass Mystery Solved - With Proof	319643	965	2026-08-06	4	gemessen	g2-videos.tsv
Folks of Yore	UC10wjSicTht1rum3NF0H9WA	UBOf1BXz9cE	What It Was Actually Like to Be a Renaissance Barber-Surgeon	1284	1144	2025-03-26	502	gemessen	g2-videos.tsv
Folks of Yore	UC10wjSicTht1rum3NF0H9WA	N1fHlTBG5wg	The Strangest Inventions of the Renaissance Era	1679	1683	2025-04-08	489	gemessen	g2-videos.tsv
Folks of Yore	UC10wjSicTht1rum3NF0H9WA	xQ51oueGqEE	The SHOCKING Truth About Crime and Punishment in  Renaissance Florence	1345	1196	2025-04-22	475	gemessen	g2-videos.tsv
Folks of Yore	UC10wjSicTht1rum3NF0H9WA	DXMFGCyVlXc	The Secret Daily Life of a Medieval Alchemist	4091	1424	2025-05-16	451	gemessen	g2-videos.tsv
Folks of Yore	UC10wjSicTht1rum3NF0H9WA	IrjdyFFI4xc	The Brutal Life of Medieval Squires	3563	690	2025-05-28	439	gemessen	g2-videos.tsv
Folks of Yore	UC10wjSicTht1rum3NF0H9WA	EeEeLID9mis	What It Was Actually Like to Live in a Medieval Castle	1871	916	2025-06-27	409	gemessen	g2-videos.tsv
Folks of Yore	UC10wjSicTht1rum3NF0H9WA	3DxKKLRma9Q	The Hidden History of Folk Magic in the Middle Ages	2337	603	2025-07-28	378	gemessen	g2-videos.tsv
Folks of Yore	UC10wjSicTht1rum3NF0H9WA	lD0zImgeHsU	The Psychology of a Medieval Peasant	7386	905	2025-08-20	355	gemessen	g2-videos.tsv
Folks of Yore	UC10wjSicTht1rum3NF0H9WA	mC3j6VioY2U	Göbekli Tepe Proves Everything Wrong About the Agricultural Revolution	2358	1575	2025-10-27	287	gemessen	g2-videos.tsv
Folks of Yore	UC10wjSicTht1rum3NF0H9WA	1sGDIeldr-s	"Your ""Busy"" Life Would Disgust an Ancient Roman"	657870	808	2026-01-23	199	gemessen	g2-videos.tsv
Folks of Yore	UC10wjSicTht1rum3NF0H9WA	fmUNJcq02pg	Why Ancients Treasured Sadness and Modernity Forbids It	101666	1467	2026-02-12	179	gemessen	g2-videos.tsv
Folks of Yore	UC10wjSicTht1rum3NF0H9WA	AnOUfYuScuA	Why You Wake Up at 3 AM Every Night | History of The Watch	8357	1690	2026-02-24	167	gemessen	g2-videos.tsv
Folks of Yore	UC10wjSicTht1rum3NF0H9WA	x2OwN6gfrf0	The Ancient Greeks Wouldn't Recognize What We Call Love	73711	1813	2026-03-12	151	gemessen	g2-videos.tsv
Folks of Yore	UC10wjSicTht1rum3NF0H9WA	DMSXG8ID3zs	What Ancient Romans Understood About FAILURE That We've Forgotten	12234	1383	2026-03-27	136	gemessen	g2-videos.tsv
Folks of Yore	UC10wjSicTht1rum3NF0H9WA	tm-aABTUOkA	Your Doomscrolling Was Diagnosed 1,700 Years Ago	8413	1396	2026-04-10	122	gemessen	g2-videos.tsv
Folks of Yore	UC10wjSicTht1rum3NF0H9WA	DMk3QOq0lQ0	You Were Never Supposed To Know This Much About The World	6397	1086	2026-04-20	112	gemessen	g2-videos.tsv
Folks of Yore	UC10wjSicTht1rum3NF0H9WA	HcMOUgXIACU	Looksmaxxing, Clavicular, and the Death of Meaning	8578	1360	2026-05-02	100	gemessen	g2-videos.tsv
Folks of Yore	UC10wjSicTht1rum3NF0H9WA	iuu6sPr6vfo	Why Friendship Today Looks Nothing Like It Did for the Ancients	264732	1232	2026-05-25	77	gemessen	g2-videos.tsv
Folks of Yore	UC10wjSicTht1rum3NF0H9WA	SxTXdOLK-iI	The Death of Honor: The Warrior Code We Left Behind	4486	1256	2026-06-19	52	gemessen	g2-videos.tsv
Folks of Yore	UC10wjSicTht1rum3NF0H9WA	XHE2P7BCekk	Why Modern Work Feels Meaningless: The Hidden History of Work and Burnout	3775	804	2026-07-07	34	gemessen	g2-videos.tsv
Folks of Yore	UC10wjSicTht1rum3NF0H9WA	vDgSmKfTrO8	Why Life in Ancient Rome Puts Ours to Shame	7463	1343	2026-07-24	17	gemessen	g2-videos.tsv
History Mapped Out	UCtzvIHQyRDL2mtetu6ZWsvw	gakWWXTuF2o	Arab-Israeli Wars on the Map: Palestine, Six-Day War, Yom Kippur War	14003	629	2023-04-05	1223	gemessen	g2-videos.tsv
History Mapped Out	UCtzvIHQyRDL2mtetu6ZWsvw	yPwAgQlNAQQ	From Hiroshima to Present Day: The History of Nuclear Weapons | History Mapped Out	5535	1003	2023-04-10	1218	gemessen	g2-videos.tsv
History Mapped Out	UCtzvIHQyRDL2mtetu6ZWsvw	AHblR67_478	Oil Wars: How the Black Gold Shaped the World	18211	764	2023-04-19	1209	gemessen	g2-videos.tsv
History Mapped Out	UCtzvIHQyRDL2mtetu6ZWsvw	mGz5B6HZWt0	Selling Alaska: How Russia Lost to the USA	11883	428	2023-04-25	1203	gemessen	g2-videos.tsv
History Mapped Out	UCtzvIHQyRDL2mtetu6ZWsvw	RRA_2b-E0Ac	Biggest Empires: Powerful States Throughout History	364337	1135	2023-05-08	1190	gemessen	g2-videos.tsv
History Mapped Out	UCtzvIHQyRDL2mtetu6ZWsvw	Dox0b_7MnJY	The Vietnam War: Conflict and Its Consequences	12297	775	2023-05-18	1180	gemessen	g2-videos.tsv
History Mapped Out	UCtzvIHQyRDL2mtetu6ZWsvw	c_Fuv203fqY	History of Ukraine: The Ukrainian Path to Independence	9990	800	2023-05-29	1169	gemessen	g2-videos.tsv
History Mapped Out	UCtzvIHQyRDL2mtetu6ZWsvw	-TYPJJtfrY8	Africa’s Poverty: History, Resources, Wars & Demographic Boom	10415	737	2023-06-09	1158	gemessen	g2-videos.tsv
History Mapped Out	UCtzvIHQyRDL2mtetu6ZWsvw	f9IYWjf76d4	Money Through Time: From Antiquity to the Present	5432	781	2023-06-20	1147	gemessen	g2-videos.tsv
History Mapped Out	UCtzvIHQyRDL2mtetu6ZWsvw	BKwWEpYSSXo	History of the USA: Military Campaigns and Global Influence (Part 1)	8458	705	2023-06-30	1137	gemessen	g2-videos.tsv
History Mapped Out	UCtzvIHQyRDL2mtetu6ZWsvw	Vm2o_KrcZ8o	History of the USA: Military Campaigns and Global Influence (Part 2)	6585	820	2023-07-14	1123	gemessen	g2-videos.tsv
History Mapped Out	UCtzvIHQyRDL2mtetu6ZWsvw	LI3a-pgAATQ	History of the Sumerians and the Fall of the Akkadian Empire	114441	678	2023-07-25	1112	gemessen	g2-videos.tsv
History Mapped Out	UCtzvIHQyRDL2mtetu6ZWsvw	oeakw_nEAk8	Great Northern War: The ambitions of Peter the Great and the establishment of the Russian empire	124545	826	2023-08-05	1101	gemessen	g2-videos.tsv
History Mapped Out	UCtzvIHQyRDL2mtetu6ZWsvw	Z5TdEzxhx_U	The Roman Empire: power and discipline	33772	603	2023-08-10	1096	gemessen	g2-videos.tsv
History Mapped Out	UCtzvIHQyRDL2mtetu6ZWsvw	BU3X7bqmB-A	The United States at World War 2: the most powerful Allie	7101	984	2023-08-19	1087	gemessen	g2-videos.tsv
History Mapped Out	UCtzvIHQyRDL2mtetu6ZWsvw	mmdLO1rykGQ	Frontier to Frontier: Unstoppable Expansion of the United States	32780	756	2023-08-26	1080	gemessen	g2-videos.tsv
History Mapped Out	UCtzvIHQyRDL2mtetu6ZWsvw	Cj-OMuGYT4w	Cold War: When the World Split in Half	6683	1158	2023-09-04	1071	gemessen	g2-videos.tsv
History Mapped Out	UCtzvIHQyRDL2mtetu6ZWsvw	OJc2D6Y5PS4	Age of Discovery: Exploring the New World (Part 1)	185347	932	2023-09-12	1063	gemessen	g2-videos.tsv
History Mapped Out	UCtzvIHQyRDL2mtetu6ZWsvw	i6N2VyBI_nw	From Suleiman to Ataturk: The History of the Ottoman Empire	39210	828	2023-09-25	1050	gemessen	g2-videos.tsv
History Mapped Out	UCtzvIHQyRDL2mtetu6ZWsvw	wz9E6WIyI6w	Japan in World War II: A Small Empire with Big Ambitions	14267	1133	2023-10-04	1041	gemessen	g2-videos.tsv
History Mapped Out	UCtzvIHQyRDL2mtetu6ZWsvw	vTxCL-0CZnU	Breakup of Yugoslavia: bloody wars, NATO intervention	10861	789	2023-10-15	1030	gemessen	g2-videos.tsv
History Mapped Out	UCtzvIHQyRDL2mtetu6ZWsvw	ygXLn0qfBZU	The History of Scotland: First War of Scottish Independence	21353	701	2023-10-27	1018	gemessen	g2-videos.tsv
History Mapped Out	UCtzvIHQyRDL2mtetu6ZWsvw	vXhddRpnirM	Age of Discovery: The path to the East that led to the West (Part 2)	35947	940	2023-11-09	1005	gemessen	g2-videos.tsv
History Mapped Out	UCtzvIHQyRDL2mtetu6ZWsvw	n9MpbvETa4M	Napoleon Bonaparte: Victory After Victory	31263	603	2023-11-20	994	gemessen	g2-videos.tsv
History Mapped Out	UCtzvIHQyRDL2mtetu6ZWsvw	_HPcfcuLtJc	The Normandy landing: Turning point of World War II	12862	868	2023-11-29	985	gemessen	g2-videos.tsv
History Mapped Out	UCtzvIHQyRDL2mtetu6ZWsvw	4Rgf3MUlCt0	The Full History of Piracy (Part 1)	7854	870	2023-12-12	972	gemessen	g2-videos.tsv
History Mapped Out	UCtzvIHQyRDL2mtetu6ZWsvw	DTTJmSyJw60	Great Britain vs China : History Opium Wars	18033	887	2023-12-19	965	gemessen	g2-videos.tsv
History Mapped Out	UCtzvIHQyRDL2mtetu6ZWsvw	XziYw8H9HMc	The Full History of Piracy (Part 2)	7327	940	2023-12-27	957	gemessen	g2-videos.tsv
History Mapped Out	UCtzvIHQyRDL2mtetu6ZWsvw	_UnsIckunrY	India–Pakistan War: A Protracted Conflict	6926	915	2024-01-05	948	gemessen	g2-videos.tsv
History Mapped Out	UCtzvIHQyRDL2mtetu6ZWsvw	qopm2tGvxoQ	The Dutch Colonial Empire: Small Metropole, Big Ambitions	273097	735	2024-01-15	938	gemessen	g2-videos.tsv
History Mapped Out	UCtzvIHQyRDL2mtetu6ZWsvw	edHQtWzpBNI	History of Alexander the Great: Conquering the World	25725	524	2024-01-27	926	gemessen	g2-videos.tsv
History Mapped Out	UCtzvIHQyRDL2mtetu6ZWsvw	9enUkOouhyw	Third Reich VS Poland: Invading and Dividing	8407	803	2024-02-07	915	gemessen	g2-videos.tsv
History Mapped Out	UCtzvIHQyRDL2mtetu6ZWsvw	IeJ6Ap6Jg48	The Migration Period: How Europe Was Born	1554956	1083	2024-02-21	901	gemessen	g2-videos.tsv
History Mapped Out	UCtzvIHQyRDL2mtetu6ZWsvw	5q7JMuH46vI	From World War I to World War II: A Restless Break	324009	1097	2024-03-03	890	gemessen	g2-videos.tsv
History Mapped Out	UCtzvIHQyRDL2mtetu6ZWsvw	kLKNoUKa-iI	The World War 2: The Fall of France	58033	979	2024-03-13	880	gemessen	g2-videos.tsv
History Mapped Out	UCtzvIHQyRDL2mtetu6ZWsvw	u-vzm7GsteI	The Punic Wars: Rise and Fall of Carthage	152416	923	2024-03-21	872	gemessen	g2-videos.tsv
History Mapped Out	UCtzvIHQyRDL2mtetu6ZWsvw	t7vcrjT6_ZQ	Battle of Stalingrad: The Turning Point of World War II	35114	958	2024-03-31	862	gemessen	g2-videos.tsv
History Mapped Out	UCtzvIHQyRDL2mtetu6ZWsvw	bu95XURh-L8	How Russia Became So Big: The Conquest of Far East	162474	1065	2024-04-07	855	gemessen	g2-videos.tsv
History Mapped Out	UCtzvIHQyRDL2mtetu6ZWsvw	9oWqnF5vubs	The History of the USA: American Revolution and War for Independence	104949	1015	2024-04-16	846	gemessen	g2-videos.tsv
History Mapped Out	UCtzvIHQyRDL2mtetu6ZWsvw	TAh1447GNcY	The Mongol Empire: Nomads That Conquered Half of the World	136955	1298	2024-04-25	837	gemessen	g2-videos.tsv
History Mapped Out	UCtzvIHQyRDL2mtetu6ZWsvw	YlTR4XclPjM	The Franks: the Birth of Modern Europe	790284	1197	2024-05-03	829	gemessen	g2-videos.tsv
History Mapped Out	UCtzvIHQyRDL2mtetu6ZWsvw	CGSfk_K64OU	History of the Habsburgs: The Powerful Rulers of Europe	300423	1325	2024-05-16	816	gemessen	g2-videos.tsv
History Mapped Out	UCtzvIHQyRDL2mtetu6ZWsvw	8vSCqw2n1Es	The Complete History of Chivalry: Feudals, Tournaments, Money	32864	1210	2024-05-29	803	gemessen	g2-videos.tsv
History Mapped Out	UCtzvIHQyRDL2mtetu6ZWsvw	CtBaC971eUw	The Shocking Rise and Fall of the Byzantine Empire	225657	1494	2024-06-07	794	gemessen	g2-videos.tsv
History Mapped Out	UCtzvIHQyRDL2mtetu6ZWsvw	dmImyBXul7c	The History of England: The Anglo-Saxon Invasion of Britain	1448760	1453	2024-06-20	781	gemessen	g2-videos.tsv
History Mapped Out	UCtzvIHQyRDL2mtetu6ZWsvw	e3xOByQ_Nc0	Napoleon Bonaparte: The fall of the Empire	92067	1203	2024-07-04	767	gemessen	g2-videos.tsv
History Mapped Out	UCtzvIHQyRDL2mtetu6ZWsvw	CzJwPNqVHGA	History of Russia: The Bloody Rise of The Grand Duchy of Moscow	174014	1202	2024-07-15	756	gemessen	g2-videos.tsv
History Mapped Out	UCtzvIHQyRDL2mtetu6ZWsvw	VO0ylL3JRKk	Hundred Years' War: England vs. France	546522	1323	2024-07-26	745	gemessen	g2-videos.tsv
History Mapped Out	UCtzvIHQyRDL2mtetu6ZWsvw	Hahox99jRas	The Holy Roman Empire: The Rise of Medieval Europe	518786	1070	2024-08-05	735	gemessen	g2-videos.tsv
History Mapped Out	UCtzvIHQyRDL2mtetu6ZWsvw	lqH8bqObMqE	The Seven Years' War: The First Global War	1297871	1716	2024-08-20	720	gemessen	g2-videos.tsv
History Mapped Out	UCtzvIHQyRDL2mtetu6ZWsvw	B6cJ7oxzObU	The Beginning of the Wars with the Native Americans	102404	1354	2024-08-30	710	gemessen	g2-videos.tsv
History Mapped Out	UCtzvIHQyRDL2mtetu6ZWsvw	wGcCGaXb86s	The History of England: The Viking Invasion	1156146	1314	2024-09-07	702	gemessen	g2-videos.tsv
History Mapped Out	UCtzvIHQyRDL2mtetu6ZWsvw	xhDaXtA0AHk	How China Became a Superpower: The Path to Success	25392	904	2024-09-17	692	gemessen	g2-videos.tsv
History Mapped Out	UCtzvIHQyRDL2mtetu6ZWsvw	_hAaEqIs3Cs	Muslim Invasions of Christian Europe	245943	1339	2024-09-27	682	gemessen	g2-videos.tsv
History Mapped Out	UCtzvIHQyRDL2mtetu6ZWsvw	qwuJiXkl76g	Greco-Persian Wars: The Rebellion that Lit Up Independence	126278	984	2024-10-04	675	gemessen	g2-videos.tsv
History Mapped Out	UCtzvIHQyRDL2mtetu6ZWsvw	sQpDCvDEgEk	European Empires in Conflict: The History of the Crimean War	223959	902	2024-10-12	667	gemessen	g2-videos.tsv
History Mapped Out	UCtzvIHQyRDL2mtetu6ZWsvw	ofuBKf-3Lgc	The Creation Of The Polish–Lithuanian Commonwealth	265423	1359	2024-10-18	661	gemessen	g2-videos.tsv
History Mapped Out	UCtzvIHQyRDL2mtetu6ZWsvw	iGlbRkXg5k8	The Origins of Papacy and the Road to Power	237112	1367	2024-10-25	654	gemessen	g2-videos.tsv
History Mapped Out	UCtzvIHQyRDL2mtetu6ZWsvw	EKxNtJ3UY8Y	The First Crusade: How The Holy War Started	660099	1297	2024-11-01	647	gemessen	g2-videos.tsv
History Mapped Out	UCtzvIHQyRDL2mtetu6ZWsvw	cMp3UCK2uwk	The Reconquista: The Victory of Christianity and the Unification of Spain	1813086	1308	2024-11-08	640	gemessen	g2-videos.tsv
History Mapped Out	UCtzvIHQyRDL2mtetu6ZWsvw	2OVrddCnihc	Wars of the Roses: The Yorks vs. The Lancasters	533608	1539	2024-11-15	633	gemessen	g2-videos.tsv
History Mapped Out	UCtzvIHQyRDL2mtetu6ZWsvw	Xq8wUZUUT5k	History of the Celts: The Civilization That Gave Birth to Europe	589296	1534	2024-11-23	625	gemessen	g2-videos.tsv
History Mapped Out	UCtzvIHQyRDL2mtetu6ZWsvw	36dpuAm3tUY	Thirty Years' War: A War for Religious Dominance in Europe	328884	1618	2024-12-06	612	gemessen	g2-videos.tsv
History Mapped Out	UCtzvIHQyRDL2mtetu6ZWsvw	17WbTF5fuL4	Anglo-Spanish War: How the English Defeated the Spanish Armada	99031	975	2024-12-15	603	gemessen	g2-videos.tsv
History Mapped Out	UCtzvIHQyRDL2mtetu6ZWsvw	ZyuldBCTQQw	War of the Austrian Succession: The Habsburg Succession Crisis	122239	886	2024-12-24	594	gemessen	g2-videos.tsv
History Mapped Out	UCtzvIHQyRDL2mtetu6ZWsvw	dGPtddlOZuo	The Italian Wars: Causes and Results of the Largest Conflict of the 16th Century	267961	1721	2025-01-08	579	gemessen	g2-videos.tsv
History Mapped Out	UCtzvIHQyRDL2mtetu6ZWsvw	sISMEcpO2y0	The English Civil War: The Conflict That Overthrew the Monarchy	113622	1552	2025-01-20	567	gemessen	g2-videos.tsv
History Mapped Out	UCtzvIHQyRDL2mtetu6ZWsvw	JDouwB6EMpI	The Great Turkish War: The Holy League Against the Ottomans	542575	1318	2025-02-04	552	gemessen	g2-videos.tsv
History Mapped Out	UCtzvIHQyRDL2mtetu6ZWsvw	6DCLvz8579Q	War of the Spanish Succession: The Decline of the Spanish Empire	270189	1378	2025-02-16	540	gemessen	g2-videos.tsv
History Mapped Out	UCtzvIHQyRDL2mtetu6ZWsvw	bqbgQvlKSeA	History of Germanic People: Those Who Were Feared By Rome	386309	1786	2025-03-01	527	gemessen	g2-videos.tsv
History Mapped Out	UCtzvIHQyRDL2mtetu6ZWsvw	Z7mC5wEIJjQ	The Second Crusade: The Crusader States That Destroyed Themselves	440000	1623	2025-03-11	517	abgeleitet	g2-videos.tsv
History Mapped Out	UCtzvIHQyRDL2mtetu6ZWsvw	N1MG4lBI6ok	History of Poland: Slavs, Legendary Kings, and the Rise of a Nation	197000	1250	2025-03-21	507	abgeleitet	g2-videos.tsv
History Mapped Out	UCtzvIHQyRDL2mtetu6ZWsvw	yzqt75QTsc8	Great Power Objectives in the Seven Years' War	76000	1613	2025-03-31	497	abgeleitet	g2-videos.tsv
History Mapped Out	UCtzvIHQyRDL2mtetu6ZWsvw	HPQ5BtFsPZM	Why Prussia Made Europe So Dangerous	983000	1649	2025-04-10	487	abgeleitet	g2-videos.tsv
History Mapped Out	UCtzvIHQyRDL2mtetu6ZWsvw	_cglXYNDj3s	History of the Risorgimento: Italy’s Unification	169000	1424	2025-04-21	476	abgeleitet	g2-videos.tsv
History Mapped Out	UCtzvIHQyRDL2mtetu6ZWsvw	RWpt1SuHpYk	History of England: The Normans and the Struggle for the Crown	273000	1835	2025-05-01	466	abgeleitet	g2-videos.tsv
History Mapped Out	UCtzvIHQyRDL2mtetu6ZWsvw	WTpS0ktrI5s	Road to Empire: Alexander the Great - The Beginning of the Conquests	53000	1539	2025-05-11	456	abgeleitet	g2-videos.tsv
History Mapped Out	UCtzvIHQyRDL2mtetu6ZWsvw	mQeefC2E8uw	The Tudor Epoch: A Dynasty’s History on England’s Throne	57000	1738	2025-05-21	446	abgeleitet	g2-videos.tsv
History Mapped Out	UCtzvIHQyRDL2mtetu6ZWsvw	EggCo2cNcLc	History of France: How Medieval France Was Formed	215000	1346	2025-05-31	436	abgeleitet	g2-videos.tsv
History Mapped Out	UCtzvIHQyRDL2mtetu6ZWsvw	RwkmrGdLwTk	History of Ireland: From Celts to English Rule	219000	1759	2025-06-11	425	abgeleitet	g2-videos.tsv
History Mapped Out	UCtzvIHQyRDL2mtetu6ZWsvw	jw5WWe_bbYU	History of the Nomads: From the Cimmerians to the Sarmatians	75000	1689	2025-06-21	415	abgeleitet	g2-videos.tsv
History Mapped Out	UCtzvIHQyRDL2mtetu6ZWsvw	4q3i33EFH4g	The Plantagenet Dynasty: Kings of England, Lords of France	174000	1806	2025-07-01	405	abgeleitet	g2-videos.tsv
History Mapped Out	UCtzvIHQyRDL2mtetu6ZWsvw	NZjD_WrQAPs	Unification of Germany: How Prussia Reshaped Europe	701000	1334	2025-07-11	395	abgeleitet	g2-videos.tsv
History Mapped Out	UCtzvIHQyRDL2mtetu6ZWsvw	l-ohuZUcSUQ	Polish Invasion of Russia: The Time of Troubles Explained	102000	1402	2025-07-21	385	abgeleitet	g2-videos.tsv
History Mapped Out	UCtzvIHQyRDL2mtetu6ZWsvw	Um1x5Z0fFn8	The Hussite Wars: How Faith Changed Bohemia and Europe	95000	1794	2025-08-01	374	abgeleitet	g2-videos.tsv
History Mapped Out	UCtzvIHQyRDL2mtetu6ZWsvw	N08OyMXmNo0	Northern Crusades: Europe’s War on Pagans	149000	1235	2025-08-11	364	abgeleitet	g2-videos.tsv
History Mapped Out	UCtzvIHQyRDL2mtetu6ZWsvw	McchqEyufYE	History of the Scandinavian Kingdoms	852000	1920	2025-08-21	354	abgeleitet	g2-videos.tsv
History Mapped Out	UCtzvIHQyRDL2mtetu6ZWsvw	u0WvnqpArkU	Germany in Flames: The Radical Wars of the Reformation	53000	1340	2025-08-31	344	abgeleitet	g2-videos.tsv
History Mapped Out	UCtzvIHQyRDL2mtetu6ZWsvw	PLM7VS2A2RA	History of the Ottoman Empire: The Conquest of Europe	252000	1335	2025-09-06	338	abgeleitet	g2-videos.tsv
History Mapped Out	UCtzvIHQyRDL2mtetu6ZWsvw	bs8doPmuYFo	History and Origins of Hungary	266000	1260	2025-09-12	332	abgeleitet	g2-videos.tsv
History Mapped Out	UCtzvIHQyRDL2mtetu6ZWsvw	-bYn-rR2cDA	The Reformation in France: A War of Faith That Changed a Nation	65000	1322	2025-09-17	327	abgeleitet	g2-videos.tsv
History Mapped Out	UCtzvIHQyRDL2mtetu6ZWsvw	7Yv5kETDlrA	The Third Crusade: Battles for the Holy Land	253000	1745	2025-09-23	321	abgeleitet	g2-videos.tsv
History Mapped Out	UCtzvIHQyRDL2mtetu6ZWsvw	qQVjjDb__qs	The End of the Reconquista and the Unification of Spain	75000	1370	2025-10-06	308	abgeleitet	g2-videos.tsv
History Mapped Out	UCtzvIHQyRDL2mtetu6ZWsvw	4hl-WlrdU54	History of Islam: Rise and Expansion	274000	1848	2025-10-12	302	abgeleitet	g2-videos.tsv
History Mapped Out	UCtzvIHQyRDL2mtetu6ZWsvw	AU0R0QXhMgc	A Century of War: Commonwealth and Sweden on the Baltic Sea	72000	1739	2025-10-17	297	abgeleitet	g2-videos.tsv
History Mapped Out	UCtzvIHQyRDL2mtetu6ZWsvw	HgiQTEawFjY	The Formation of the Holy Roman Empire	235000	1550	2025-10-23	291	abgeleitet	g2-videos.tsv
History Mapped Out	UCtzvIHQyRDL2mtetu6ZWsvw	H8piBGdNltc	History of Norway: The Era of Civil Wars	77000	1303	2025-11-08	276	abgeleitet	g2-videos.tsv
History Mapped Out	UCtzvIHQyRDL2mtetu6ZWsvw	pxZxcbcH_zc	The Rise of Switzerland: A History of Struggle and Strength	99000	1680	2025-11-15	269	abgeleitet	g2-videos.tsv
History Mapped Out	UCtzvIHQyRDL2mtetu6ZWsvw	XT7NNnSPAY0	The Great Silk Road: A History That Changed the World	37000	1189	2025-11-22	262	abgeleitet	g2-videos.tsv
History Mapped Out	UCtzvIHQyRDL2mtetu6ZWsvw	rrz5OqbZtzg	History of Medieval Sweden: From Tribes to Kingdom	142000	1326	2025-12-05	248	abgeleitet	g2-videos.tsv
History Mapped Out	UCtzvIHQyRDL2mtetu6ZWsvw	LLBjhsgfmsM	Merchant Empire of the Hanseatic League: The Story of the Largest Medieval Trade Network	81000	1263	2025-12-10	243	abgeleitet	g2-videos.tsv
History Mapped Out	UCtzvIHQyRDL2mtetu6ZWsvw	oBukQLP2sJw	The Rise of the Holy Roman Empire: A Historical Overview	50000	1435	2025-12-15	239	abgeleitet	g2-videos.tsv
History Mapped Out	UCtzvIHQyRDL2mtetu6ZWsvw	t-SkUfBmxro	Dutch Independence: War Against the Spanish Empire	462000	1918	2025-12-19	234	abgeleitet	g2-videos.tsv
History Mapped Out	UCtzvIHQyRDL2mtetu6ZWsvw	doyD2Fxe28A	The Rise of Rus: From Slavic Tribes to a Mighty State	41000	1754	2025-12-24	229	abgeleitet	g2-videos.tsv
History Mapped Out	UCtzvIHQyRDL2mtetu6ZWsvw	QiT0njL-vqs	The Birth of the Hungarian Kingdom: From Pagans to the Shield of Europe	55000	1581	2026-01-06	216	abgeleitet	g2-videos.tsv
History Mapped Out	UCtzvIHQyRDL2mtetu6ZWsvw	YJLdVXKY7kA	The Slavs: A Migration That Shaped Europe	366000	1299	2026-01-12	210	abgeleitet	g2-videos.tsv
History Mapped Out	UCtzvIHQyRDL2mtetu6ZWsvw	BQXHP-HbEOc	Europe on the Eve of World War I	35000	1565	2026-01-17	205	abgeleitet	g2-videos.tsv
History Mapped Out	UCtzvIHQyRDL2mtetu6ZWsvw	PtZunmUyaDE	How Debt Destroyed the Danish Kingdom	155000	1769	2026-01-23	199	abgeleitet	g2-videos.tsv
History Mapped Out	UCtzvIHQyRDL2mtetu6ZWsvw	MoBo4sQDxxU	How the Holy Roman Empire Lost Central Authority	59000	1298	2026-02-06	185	abgeleitet	g2-videos.tsv
History Mapped Out	UCtzvIHQyRDL2mtetu6ZWsvw	Mf7jckhIPfQ	Paths of Indo-European Language Expansion	46000	1619	2026-02-12	179	abgeleitet	g2-videos.tsv
History Mapped Out	UCtzvIHQyRDL2mtetu6ZWsvw	ZzePaQN-fsw	History of Christianity on the World Map	49000	1753	2026-02-17	174	abgeleitet	g2-videos.tsv
History Mapped Out	UCtzvIHQyRDL2mtetu6ZWsvw	C8hvGP-hD9g	European States and the Adoption of Christianity in Medieval Europe	35000	1869	2026-02-23	168	abgeleitet	g2-videos.tsv
History Mapped Out	UCtzvIHQyRDL2mtetu6ZWsvw	jnB_92dfwG0	History of Prussia: How Wars Made It a Great Power	38000	1540	2026-03-06	157	abgeleitet	g2-videos.tsv
History Mapped Out	UCtzvIHQyRDL2mtetu6ZWsvw	RjMRnyGzMn0	The Norman Invasion that Rewrote Mediterranean History	132000	1599	2026-03-12	151	abgeleitet	g2-videos.tsv
History Mapped Out	UCtzvIHQyRDL2mtetu6ZWsvw	BCplOOLJy34	The German Empire: From Prussia to a European Power	34000	1284	2026-03-17	146	abgeleitet	g2-videos.tsv
History Mapped Out	UCtzvIHQyRDL2mtetu6ZWsvw	dZ7OmiGFBMc	The Rise and Fall of Ottoman Power in the Balkans	235000	1614	2026-03-23	140	abgeleitet	g2-videos.tsv
History Mapped Out	UCtzvIHQyRDL2mtetu6ZWsvw	URp_H7dJCD8	Pyrrhus vs Rome: The Pyrrhic War That Changed Italy	130000	2301	2026-04-06	126	abgeleitet	g2-videos.tsv
History Mapped Out	UCtzvIHQyRDL2mtetu6ZWsvw	ONd0CulwBgc	How the Ottoman Empire Changed Europe and the Middle East	80000	1540	2026-04-12	120	abgeleitet	g2-videos.tsv
History Mapped Out	UCtzvIHQyRDL2mtetu6ZWsvw	xflV43nYACk	The Battle of Poitiers: The Clash Between the Franks and the Muslim World	152000	1847	2026-04-17	115	abgeleitet	g2-videos.tsv
History Mapped Out	UCtzvIHQyRDL2mtetu6ZWsvw	6zpshs2l8n8	Austria-Hungary: The Empire Doomed to Collapse	59000	1314	2026-04-23	109	abgeleitet	g2-videos.tsv
History Mapped Out	UCtzvIHQyRDL2mtetu6ZWsvw	n4Ixc7-kEqY	Goths vs the Roman Empire: The War That Changed Europe	36000	1510	2026-05-06	96	abgeleitet	g2-videos.tsv
History Mapped Out	UCtzvIHQyRDL2mtetu6ZWsvw	Phg-OugS1F8	Medieval Europe: Every Kingdom's Rise and Fall	124000	1504	2026-05-12	90	abgeleitet	g2-videos.tsv
History Mapped Out	UCtzvIHQyRDL2mtetu6ZWsvw	LqyFCgnNYnI	500 Men vs 5 Million: How the Aztec Empire Actually Fell	32000	1539	2026-05-17	85	abgeleitet	g2-videos.tsv
History Mapped Out	UCtzvIHQyRDL2mtetu6ZWsvw	PJaALSPskjg	Why the Vikings Disappeared from Greenland	13000	2046	2026-05-23	79	abgeleitet	g2-videos.tsv
History Mapped Out	UCtzvIHQyRDL2mtetu6ZWsvw	EbCUAOtDqMA	Castile: The Kingdom That Shattered Muslim Spain	369000	1511	2026-06-08	64	abgeleitet	g2-videos.tsv
History Mapped Out	UCtzvIHQyRDL2mtetu6ZWsvw	lKHT8fILNUY	Crusade in the Heart of Europe: The Destruction of the Cathars	31000	1671	2026-06-15	57	abgeleitet	g2-videos.tsv
History Mapped Out	UCtzvIHQyRDL2mtetu6ZWsvw	ki32yn8R9t8	Why Justinian’s Greatest Triumph Was a Disaster	62000	1462	2026-06-22	50	abgeleitet	g2-videos.tsv
History Mapped Out	UCtzvIHQyRDL2mtetu6ZWsvw	jSO0dVvzt7g	The Fourth Crusade: The Holy War That Destroyed Christendom	35000	2243	2026-07-06	35	abgeleitet	g2-videos.tsv
History Mapped Out	UCtzvIHQyRDL2mtetu6ZWsvw	TqgNhUzH_iY	Vandals: The People Who Took the Sea From Rome	33000	1371	2026-07-12	29	abgeleitet	g2-videos.tsv
History Mapped Out	UCtzvIHQyRDL2mtetu6ZWsvw	lyIf5pN2x6s	Scotland: How a Medieval Nation Withstood an Empire	95000	1684	2026-07-17	24	abgeleitet	g2-videos.tsv
History Mapped Out	UCtzvIHQyRDL2mtetu6ZWsvw	_PliM4WJNkE	The Huns: How They Built Antiquity's Deadliest Power	20000	1313	2026-07-23	18	abgeleitet	g2-videos.tsv
History Mapped Out	UCtzvIHQyRDL2mtetu6ZWsvw	YHiulck0uTo	Clontarf: The Battle Ireland Won and Lost Its King	15000	1928	2026-07-26	15	abgeleitet	g2-videos.tsv
History Mapped Out	UCtzvIHQyRDL2mtetu6ZWsvw	OTb8WECONfY	The Arab Conquest of Persia: The Fall of a Superpower	19000	1411	2026-07-28	14	abgeleitet	g2-videos.tsv
History Mapped Out	UCtzvIHQyRDL2mtetu6ZWsvw	sKl7YhJ7xyA	The Jagiellons: How Poland and Lithuania Built Europe's Largest State	37000	1790	2026-08-03	8	abgeleitet	g2-videos.tsv
Ink Explainer	UCpgrEMx8diLrw7YNQ6r3uUw	UuES_JDWBIo	The Real Reason Humans Started Wearing Clothes	322000	404		90	relativ	inkexplainer-liste.tsv
Ink Explainer	UCpgrEMx8diLrw7YNQ6r3uUw	ulWFk_L2Ips	what is The IKEA Effect.	7200	249		90	relativ	inkexplainer-liste.tsv
Ink Explainer	UCpgrEMx8diLrw7YNQ6r3uUw	6TzPQ0046lw	What did Early Humans do when they got Sick	26000	483		90	relativ	inkexplainer-liste.tsv
Ink Explainer	UCpgrEMx8diLrw7YNQ6r3uUw	rpoVSR-9qNI	Why Life Speeds Up As You Get Older?	137000	543		60	relativ	inkexplainer-liste.tsv
Ink Explainer	UCpgrEMx8diLrw7YNQ6r3uUw	9AFO6MHy8y4	When Did Ancient Humans Start Drinking Alcohol?	784000	364		60	relativ	inkexplainer-liste.tsv
Ink Explainer	UCpgrEMx8diLrw7YNQ6r3uUw	LIwUH_R6oJY	Do Animals Know When Another Animal is a Baby?	197000	488		60	relativ	inkexplainer-liste.tsv
Ink Explainer	UCpgrEMx8diLrw7YNQ6r3uUw	vQ6M4MIOI0U	When Did Ancient Humans Started Smoking Weed?	249000	504		60	relativ	inkexplainer-liste.tsv
Ink Explainer	UCpgrEMx8diLrw7YNQ6r3uUw	OCr6NteWSQ8	Why Are We the Only Human Species Left? What happened to others...	905000	486		30	relativ	inkexplainer-liste.tsv
Ink Explainer	UCpgrEMx8diLrw7YNQ6r3uUw	QP1maS6hYn4	How Did Ancient Humans Travel the World?	672000	563		30	relativ	inkexplainer-liste.tsv
Ink Explainer	UCpgrEMx8diLrw7YNQ6r3uUw	SD7XyG2wd1k	What Did Ancient Humans Do When It Rained All Week?	1200000	697		30	relativ	inkexplainer-liste.tsv
Ink Explainer	UCpgrEMx8diLrw7YNQ6r3uUw	dp3jYZXKOos	The Disturbing Ways Ancient Humans Survived Winter	183000	691		21	relativ	inkexplainer-liste.tsv
Ink Explainer	UCpgrEMx8diLrw7YNQ6r3uUw	0WtFuiHn2-g	How Did Human Accidentally Invented Guns?	21000	768		14	relativ	inkexplainer-liste.tsv
Ink Explainer	UCpgrEMx8diLrw7YNQ6r3uUw	xmQk_oLVau0	Why Ancient Humans Were The Most TERRIFYING Animal Alive	11000	547		3	relativ	inkexplainer-liste.tsv
Axen	UC_7R-sfi7bi8dkzmSlBdUVw	2RJggsjlj4A	How Did Ancient Humans Survive the World's Deadliest Predators?	1100000	453		90	relativ	axen-liste.tsv
Axen	UC_7R-sfi7bi8dkzmSlBdUVw	ebFhKmweSHo	Weird Feelings You Get That Your Brain Can't Explain...	26000	321		90	relativ	axen-liste.tsv
Axen	UC_7R-sfi7bi8dkzmSlBdUVw	TQd2k1pEXp4	What Did Ancient Humans Do all Day Before Jobs Existed?	3100000	513		90	relativ	axen-liste.tsv
Axen	UC_7R-sfi7bi8dkzmSlBdUVw	lJVPvTGUftQ	How Did Ancient Humans Have Privacy?	261000	315		90	relativ	axen-liste.tsv
Axen	UC_7R-sfi7bi8dkzmSlBdUVw	UFAPaRxXEAo	Napoleon Did Some Truly Bizarre Things...	9900	342		60	relativ	axen-liste.tsv
Axen	UC_7R-sfi7bi8dkzmSlBdUVw	wt_7Hp7d7I8	How Did Ancient Humans Survive Deadly Winters?	734000	624		60	relativ	axen-liste.tsv
Axen	UC_7R-sfi7bi8dkzmSlBdUVw	H6pReZzpmfE	What Was the World Like in Ancient Human Times?	24000	423		60	relativ	axen-liste.tsv
Axen	UC_7R-sfi7bi8dkzmSlBdUVw	q_Rqvd1ayUE	Our WORLD is F*cked Up...	12000	420		60	relativ	axen-liste.tsv
Axen	UC_7R-sfi7bi8dkzmSlBdUVw	9SmcjthU5Yk	Why Does the OCEAN Get Creepier the Deeper You Go?	114000	592		30	relativ	axen-liste.tsv
Axen	UC_7R-sfi7bi8dkzmSlBdUVw	dpGpFq9RZfg	What Did Ancient Human Education Look Like?	26000	617		30	relativ	axen-liste.tsv
Axen	UC_7R-sfi7bi8dkzmSlBdUVw	kEc6rFGrdh4	Do Animals Live More Freely Than Humans?	22000	564		30	relativ	axen-liste.tsv
Axen	UC_7R-sfi7bi8dkzmSlBdUVw	1bKfsHbYBvo	How Gross Was the Past, Really?	6900	761		7	relativ	axen-liste.tsv
Axen	UC_7R-sfi7bi8dkzmSlBdUVw	_87ANJzPI54	How Did Ancient Humans Discover the World's Most Popular Drug?	4500	548		2	relativ	axen-liste.tsv
Axen	UC_7R-sfi7bi8dkzmSlBdUVw	X0whahlmvfM	The CRAZIEST Survival Methods Ancient Humans Used Against Predators	253	513		0	relativ	axen-liste.tsv
Mapped History	UCInfdX6B8ej4f2zge4fVuWw	x3rgK_kcVaw	How Europe Became Settled (7000–3100 BC)	7000	936		150	relativ	mappedhistory-liste.tsv
Mapped History	UCInfdX6B8ej4f2zge4fVuWw	sMcZ2q09KXw	Europe's First Networks (3100-2100 BC) - Stone Landscapes to Copper Worlds	4900	1154		150	relativ	mappedhistory-liste.tsv
Mapped History	UCInfdX6B8ej4f2zge4fVuWw	uf9xun38gU8	How Metal Connected Bronze Age Europe (2100–1600 BC)	4100	1217		150	relativ	mappedhistory-liste.tsv
Mapped History	UCInfdX6B8ej4f2zge4fVuWw	puUW7FsTgXo	How Barrows and Frontiers Reshaped Bronze Age Europe (1600–1300 BC)	2700	1045		150	relativ	mappedhistory-liste.tsv
Mapped History	UCInfdX6B8ej4f2zge4fVuWw	9siIza6Pu3I	How Burial and War Reshaped Bronze Age Europe (1300–1100 BC)	1900	882		120	relativ	mappedhistory-liste.tsv
Mapped History	UCInfdX6B8ej4f2zge4fVuWw	ZJQIo4tdvCA	Before the Collapse: The Palace World of the Aegean (1900-1200 BC)	2800	878		120	relativ	mappedhistory-liste.tsv
Mapped History	UCInfdX6B8ej4f2zge4fVuWw	aaVeqX5QJx8	When the Eastern Mediterranean Broke (1250-1130 BC)	2900	926		120	relativ	mappedhistory-liste.tsv
Mapped History	UCInfdX6B8ej4f2zge4fVuWw	-s8SQP3xpkU	The Bronze Age Ended. Europe Kept Going. (1200–800 BC)	2200	585		120	relativ	mappedhistory-liste.tsv
Mapped History	UCInfdX6B8ej4f2zge4fVuWw	Mv1SsKhxGg4	The World That Made Rome (800–500 BC)	47000	954		120	relativ	mappedhistory-liste.tsv
Mapped History	UCInfdX6B8ej4f2zge4fVuWw	lcCKZ3rnjx8	The Struggle for the Western Mediterranean (800–500 BCE)	20000	1140		90	relativ	mappedhistory-liste.tsv
Mapped History	UCInfdX6B8ej4f2zge4fVuWw	pHzVObLiYGc	The Rise of Inland Europe (800–500 BC)	16000	884		90	relativ	mappedhistory-liste.tsv
Mapped History	UCInfdX6B8ej4f2zge4fVuWw	HvEPZ0-eH0Y	The Greek World Rises Again (800–500 BC)	7700	1073		90	relativ	mappedhistory-liste.tsv
Mapped History	UCInfdX6B8ej4f2zge4fVuWw	9kKgsh9b5yk	The Black Sea Opens (800–500 BC)	64000	1049		90	relativ	mappedhistory-liste.tsv
Mapped History	UCInfdX6B8ej4f2zge4fVuWw	eeeK7fp5p2I	Ancient Italy Before Rome Took Over (800–500 BC)	96000	1199		60	relativ	mappedhistory-liste.tsv
Mapped History	UCInfdX6B8ej4f2zge4fVuWw	DOVSE5g3v14	The Rise and Ruin of Greek Italy (800–500 BC)	40000	1171		60	relativ	mappedhistory-liste.tsv
Mapped History	UCInfdX6B8ej4f2zge4fVuWw	usYfiJOdoC8	The Balkans Before Alexander (800–500 BC)	50000	985		60	relativ	mappedhistory-liste.tsv
Mapped History	UCInfdX6B8ej4f2zge4fVuWw	tw8VDseSnfY	The Fortified Edge of Europe (800–500 BC)	9300	1070		60	relativ	mappedhistory-liste.tsv
Mapped History	UCInfdX6B8ej4f2zge4fVuWw	BKVqxVTznHU	When We First Stopped Wandering (9500–6000 BC)	153000	1144		30	relativ	mappedhistory-liste.tsv
Mapped History	UCInfdX6B8ej4f2zge4fVuWw	zNildW0Us9U	The Forge and the Floodplain (6000–3800 BC)	47000	1020		30	relativ	mappedhistory-liste.tsv
Mapped History	UCInfdX6B8ej4f2zge4fVuWw	om206dy6KeY	The Age of Uruk (3800–3100 BC)	33000	1104		30	relativ	mappedhistory-liste.tsv
Mapped History	UCInfdX6B8ej4f2zge4fVuWw	xzPlBpRfsUA	The First Villages on the Nile (5000–3400 BC)	102000	911		30	relativ	mappedhistory-liste.tsv
Mapped History	UCInfdX6B8ej4f2zge4fVuWw	sugmWkBCY2Y	Writing and the Crowns (3400–2890 BC)	12000	1167		30	relativ	mappedhistory-liste.tsv
Mapped History	UCInfdX6B8ej4f2zge4fVuWw	lI9rhdpjOJk	The First City-States (3100–2334 BC)	41000	1095		21	relativ	mappedhistory-liste.tsv
Mapped History	UCInfdX6B8ej4f2zge4fVuWw	aIwQEAri4WU	The Age of the Pyramids (2890–2490 BC)	7800	1536		14	relativ	mappedhistory-liste.tsv
Mapped History	UCInfdX6B8ej4f2zge4fVuWw	X95bS6Z1-ZY	The First Empire (2334–2154 BC)	48000	928		11	relativ	mappedhistory-liste.tsv
Mapped History	UCInfdX6B8ej4f2zge4fVuWw	6cvwinR92ZA	When the Pyramids Got Smaller (2490–2345 BC)	3800	1231		4	relativ	mappedhistory-liste.tsv
