kanal_id	video_id	titel
UCtzvIHQyRDL2mtetu6ZWsvw	6DCLvz8579Q	War of the Spanish Succession: The Decline of the Spanish Empire
UC10wjSicTht1rum3NF0H9WA	tm-aABTUOkA	Your Doomscrolling Was Diagnosed 1,700 Years Ago
UCtzvIHQyRDL2mtetu6ZWsvw	jnB_92dfwG0	History of Prussia: How Wars Made It a Great Power
UCoZd78hRUdxxsuGiABuHF_A	_pKIPqrTh9s	What happened to the Ancient World Wonders?
UCpgrEMx8diLrw7YNQ6r3uUw	vQ6M4MIOI0U	When Did Ancient Humans Started Smoking Weed?
UCtzvIHQyRDL2mtetu6ZWsvw	Vm2o_KrcZ8o	History of the USA: Military Campaigns and Global Influence (Part 2)
UC2NRf0-PH8IiMq5uA5FHJnA	TZ62oQEqViQ	The Ultimate Disturbing Appalachia Iceberg
UCtzvIHQyRDL2mtetu6ZWsvw	e3xOByQ_Nc0	Napoleon Bonaparte: The fall of the Empire
UC2NRf0-PH8IiMq5uA5FHJnA	-49v_vMvfv0	The Most Evil Cops Of All Time
UC2NRf0-PH8IiMq5uA5FHJnA	i3ThnOaLSPs	The Disturbing Reddit Iceberg Explained
UC10wjSicTht1rum3NF0H9WA	XHE2P7BCekk	Why Modern Work Feels Meaningless: The Hidden History of Work and Burnout
UCAksyQw6LlPRw-rYhEPADMA	cUjzWq9UPBk	Scientists Finally Reveal What Tesla Built Beneath Wardenclyffe Tower
UCAksyQw6LlPRw-rYhEPADMA	JA55OORHeFc	Ancient DNA Reveals Our Neanderthal Legacy
UCAksyQw6LlPRw-rYhEPADMA	0X6MxjN2YC4	The Dyatlov Pass Mystery Solved - With Proof
UCtzvIHQyRDL2mtetu6ZWsvw	N1MG4lBI6ok	History of Poland: Slavs, Legendary Kings, and the Rise of a Nation
UC_7R-sfi7bi8dkzmSlBdUVw	ebFhKmweSHo	Weird Feelings You Get That Your Brain Can't Explain...
UC2NRf0-PH8IiMq5uA5FHJnA	IG97W5FmmVs	The Disturbing Banned Documentaries Iceberg Explained
UCInfdX6B8ej4f2zge4fVuWw	xzPlBpRfsUA	The First Villages on the Nile (5000–3400 BC)
UC35fL9KdO0OSC9CoQk5MLfg	8g5x1OOsoXI	1 Hour of the CRAZIEST Stories From Ancient Times
UCAksyQw6LlPRw-rYhEPADMA	F9MDapReuoI	Modern Science Finally Reveals What Happened at Dyatlov Pass
UC_7R-sfi7bi8dkzmSlBdUVw	dpGpFq9RZfg	What Did Ancient Human Education Look Like?
UC2NRf0-PH8IiMq5uA5FHJnA	7WJii152KWI	The Disturbing Holocaust Iceberg Explained
UCAksyQw6LlPRw-rYhEPADMA	qsnmKUfTPm4	King Richard III's DNA Reveals a Shocking Truth That Rewrites 500 Years of History
UC2NRf0-PH8IiMq5uA5FHJnA	6dXoQOgkyaM	The Disturbing School Shooting Iceberg Explained
UCtzvIHQyRDL2mtetu6ZWsvw	n9MpbvETa4M	Napoleon Bonaparte: Victory After Victory
UCAksyQw6LlPRw-rYhEPADMA	KnPNxDtI2WA	Ancient DNA Reveals the REAL Origin of Europeans
UC10wjSicTht1rum3NF0H9WA	DXMFGCyVlXc	The Secret Daily Life of a Medieval Alchemist
UC35fL9KdO0OSC9CoQk5MLfg	KbrgGU2FG5I	The Most TERRIFYING Last Words in History
UC2NRf0-PH8IiMq5uA5FHJnA	wuXH3aEJKWg	The Disturbing USA Iceberg Explained
UC2NRf0-PH8IiMq5uA5FHJnA	wVjJ6cyMQDo	The Unit 731 Iceberg Explained
UCtzvIHQyRDL2mtetu6ZWsvw	vXhddRpnirM	Age of Discovery: The path to the East that led to the West (Part 2)
UCtzvIHQyRDL2mtetu6ZWsvw	ofuBKf-3Lgc	The Creation Of The Polish–Lithuanian Commonwealth
UC10wjSicTht1rum3NF0H9WA	x2OwN6gfrf0	The Ancient Greeks Wouldn't Recognize What We Call Love
UCAksyQw6LlPRw-rYhEPADMA	tTKXqpeo258	Scientists Opened This Ancient Chinese Tomb and Were SHOCKED
UCInfdX6B8ej4f2zge4fVuWw	lI9rhdpjOJk	The First City-States (3100–2334 BC)
UCtzvIHQyRDL2mtetu6ZWsvw	mmdLO1rykGQ	Frontier to Frontier: Unstoppable Expansion of the United States
UC_7R-sfi7bi8dkzmSlBdUVw	kEc6rFGrdh4	Do Animals Live More Freely Than Humans?
UCInfdX6B8ej4f2zge4fVuWw	zNildW0Us9U	The Forge and the Floodplain (6000–3800 BC)
UCtzvIHQyRDL2mtetu6ZWsvw	qopm2tGvxoQ	The Dutch Colonial Empire: Small Metropole, Big Ambitions
UC_7R-sfi7bi8dkzmSlBdUVw	lJVPvTGUftQ	How Did Ancient Humans Have Privacy?
UCoZd78hRUdxxsuGiABuHF_A	nORI8r5Mgts	The Rise and Fall of Wu Zetian
UCtzvIHQyRDL2mtetu6ZWsvw	Dox0b_7MnJY	The Vietnam War: Conflict and Its Consequences
UC_7R-sfi7bi8dkzmSlBdUVw	9SmcjthU5Yk	Why Does the OCEAN Get Creepier the Deeper You Go?
UC_7R-sfi7bi8dkzmSlBdUVw	_87ANJzPI54	How Did Ancient Humans Discover the World's Most Popular Drug?
UCtzvIHQyRDL2mtetu6ZWsvw	MoBo4sQDxxU	How the Holy Roman Empire Lost Central Authority
UC2NRf0-PH8IiMq5uA5FHJnA	JVcGhaZjuZE	The Cold War Iceberg
UC2NRf0-PH8IiMq5uA5FHJnA	o8u5gwZ5IAk	The Disturbing Ancient Rome Iceberg
UCAksyQw6LlPRw-rYhEPADMA	zjffhyM-HBQ	Ancient DNA Reveals the Hidden Links Between Eye Color and Ancestry
UC2NRf0-PH8IiMq5uA5FHJnA	Z9RA08Hshqo	The Bizarre Bible Theories Iceberg Explained
UCInfdX6B8ej4f2zge4fVuWw	om206dy6KeY	The Age of Uruk (3800–3100 BC)
UCAksyQw6LlPRw-rYhEPADMA	Yzt9_QywE9s	Ancient DNA Reveals Tutankhamun’s Shocking Family Secret
UC2NRf0-PH8IiMq5uA5FHJnA	65iKL2u0a9o	Most Painful Poisons in the World
UCtzvIHQyRDL2mtetu6ZWsvw	EggCo2cNcLc	History of France: How Medieval France Was Formed
UC2NRf0-PH8IiMq5uA5FHJnA	Vx4sqTfUwfo	3 Hours of Disturbing Cults & Religions Iceberg Explained
UC35fL9KdO0OSC9CoQk5MLfg	l-iDswSsw50	Kings Who Killed Their Own Families
UCtzvIHQyRDL2mtetu6ZWsvw	mGz5B6HZWt0	Selling Alaska: How Russia Lost to the USA
UCtzvIHQyRDL2mtetu6ZWsvw	_HPcfcuLtJc	The Normandy landing: Turning point of World War II
UC2NRf0-PH8IiMq5uA5FHJnA	sXIaekN1tVE	The Disturbing War Crimes Iceberg Explained
UCAksyQw6LlPRw-rYhEPADMA	OOxICBG4EpE	New Discovery Reveals a Hidden Order at Göbekli Tepe.
UCInfdX6B8ej4f2zge4fVuWw	tw8VDseSnfY	The Fortified Edge of Europe (800–500 BC)
UCtzvIHQyRDL2mtetu6ZWsvw	edHQtWzpBNI	History of Alexander the Great: Conquering the World
UCoZd78hRUdxxsuGiABuHF_A	zQP37B7QCeE	HEISENBERG: The Dumber Oppenheimer
UCtzvIHQyRDL2mtetu6ZWsvw	kLKNoUKa-iI	The World War 2: The Fall of France
UC2NRf0-PH8IiMq5uA5FHJnA	c2GXN1aMuF8	3+ Hours of Disturbing Afterlife Theories Iceberg Explained
UCAksyQw6LlPRw-rYhEPADMA	JVS4ymOwL-A	Ancient DNA Finally Solves The Frozen Children Mystery And Exposes A Dark Secret
UC2NRf0-PH8IiMq5uA5FHJnA	6TgHEqwAujI	Every Unit 731 Experiment in 30 Minutes
UC2NRf0-PH8IiMq5uA5FHJnA	icxTI-dpM5M	The Disturbing Islam Iceberg Explained
UCtzvIHQyRDL2mtetu6ZWsvw	H8piBGdNltc	History of Norway: The Era of Civil Wars
UC_7R-sfi7bi8dkzmSlBdUVw	TQd2k1pEXp4	What Did Ancient Humans Do all Day Before Jobs Existed?
UC2NRf0-PH8IiMq5uA5FHJnA	SvH5KBv17Vk	The Disturbing Banned Kids Show Episodes Iceberg Explained
UCtzvIHQyRDL2mtetu6ZWsvw	pxZxcbcH_zc	The Rise of Switzerland: A History of Struggle and Strength
UC2NRf0-PH8IiMq5uA5FHJnA	F94VoO5nmnw	The Disturbing Ancient Civilizations Iceberg Explained
UC2NRf0-PH8IiMq5uA5FHJnA	arqpnX0cRSk	The Alternate Timeline Iceberg Explained
UC2NRf0-PH8IiMq5uA5FHJnA	_V260qkQfys	4 Hours of Disturbing War Iceberg Explained
UCpgrEMx8diLrw7YNQ6r3uUw	LIwUH_R6oJY	Do Animals Know When Another Animal is a Baby?
UCtzvIHQyRDL2mtetu6ZWsvw	C8hvGP-hD9g	European States and the Adoption of Christianity in Medieval Europe
UCtzvIHQyRDL2mtetu6ZWsvw	ZzePaQN-fsw	History of Christianity on the World Map
UCoZd78hRUdxxsuGiABuHF_A	apnosqvA57g	The God of Horror
UC2NRf0-PH8IiMq5uA5FHJnA	cKkkCj_1P8Q	The Disturbing Websites Iceberg Explained
UCtzvIHQyRDL2mtetu6ZWsvw	2OVrddCnihc	Wars of the Roses: The Yorks vs. The Lancasters
UCoZd78hRUdxxsuGiABuHF_A	xv-xHG7pJzw	WW2's BEST Soldiers...
UCtzvIHQyRDL2mtetu6ZWsvw	LLBjhsgfmsM	Merchant Empire of the Hanseatic League: The Story of the Largest Medieval Trade Network
UC35fL9KdO0OSC9CoQk5MLfg	wD5_bR_LTr8	The Most INBRED Kings of All Time
UC2NRf0-PH8IiMq5uA5FHJnA	7bQrV1a471Q	The Disturbing Extinct Disney Iceberg Explained
UCAksyQw6LlPRw-rYhEPADMA	JHQv1S14FqE	Tracing the Genetic Heritage of the Netherlands
UCtzvIHQyRDL2mtetu6ZWsvw	RWpt1SuHpYk	History of England: The Normans and the Struggle for the Crown
UCAksyQw6LlPRw-rYhEPADMA	XHyWDzBCQi8	Scientists Opened a Cave Sealed for 40,000 Years — What Was Inside Rewrites History
UC35fL9KdO0OSC9CoQk5MLfg	hjg-Avdv7jc	Coincidences So Impossible They CANT be Coincidences
UCtzvIHQyRDL2mtetu6ZWsvw	Hahox99jRas	The Holy Roman Empire: The Rise of Medieval Europe
UCAksyQw6LlPRw-rYhEPADMA	hinF0brxkdw	Ancient DNA Reveals the Real Origins of Scottish People
UCAksyQw6LlPRw-rYhEPADMA	QKPc4xoZHiU	Scientists Scanned The Nefertiti Bust — And Exposed a Secret
UCtzvIHQyRDL2mtetu6ZWsvw	-TYPJJtfrY8	Africa’s Poverty: History, Resources, Wars & Demographic Boom
UCtzvIHQyRDL2mtetu6ZWsvw	CGSfk_K64OU	History of the Habsburgs: The Powerful Rulers of Europe
UCtzvIHQyRDL2mtetu6ZWsvw	Phg-OugS1F8	Medieval Europe: Every Kingdom's Rise and Fall
UCtzvIHQyRDL2mtetu6ZWsvw	AU0R0QXhMgc	A Century of War: Commonwealth and Sweden on the Baltic Sea
UC2NRf0-PH8IiMq5uA5FHJnA	B63Qx3KbVHY	The Most Disturbing Sports Accidents Iceberg Explained
UCAksyQw6LlPRw-rYhEPADMA	5jZZPy85kuw	Modern DNA Analysis Unmasked the Real Jack the Ripper
UC2NRf0-PH8IiMq5uA5FHJnA	JVNRhPs1GcE	Dante's Inferno & The 9 Levels of Hell Iceberg Explained
UC_7R-sfi7bi8dkzmSlBdUVw	X0whahlmvfM	The CRAZIEST Survival Methods Ancient Humans Used Against Predators
UC2NRf0-PH8IiMq5uA5FHJnA	q8oWGO2iX4o	The Most Disturbing Afterlife Theories Iceberg Explained
UC2NRf0-PH8IiMq5uA5FHJnA	VDIASoXvHE4	The Most Terrifying Scientists In Human History
UC2NRf0-PH8IiMq5uA5FHJnA	htUdjqFobp0	What It Was Like To Die In Every Time Period
UC2NRf0-PH8IiMq5uA5FHJnA	4dE7pKJ5W4M	4 Hours of DARK & Disturbing Icebergs Explained
UCAksyQw6LlPRw-rYhEPADMA	AcK4fkPgLZc	AI Finally Decoded the Antikythera Computer’s Missing Half — This Shouldn't Exist
UCAksyQw6LlPRw-rYhEPADMA	0gpv3iPpUqU	Researchers Uncovered the Hidden Fate of Rome's 9th Legion
UCoZd78hRUdxxsuGiABuHF_A	mtdqhaX44YQ	That Time PIRATES started a COUNTRY...
UCpgrEMx8diLrw7YNQ6r3uUw	rpoVSR-9qNI	Why Life Speeds Up As You Get Older?
UCAksyQw6LlPRw-rYhEPADMA	mI4YJqfDQ_E	Scientists Scanned The Shroud of Turin — And Found Something They Couldn't Explain
UC2NRf0-PH8IiMq5uA5FHJnA	xhmt-UO7bYM	What it Feels Like to Die from Every Cult
UCAksyQw6LlPRw-rYhEPADMA	TQNFWJpvr0I	Ancient Egyptian Granite Cutting Mystery Finally Solved - With Proof
UCtzvIHQyRDL2mtetu6ZWsvw	u0WvnqpArkU	Germany in Flames: The Radical Wars of the Reformation
UCtzvIHQyRDL2mtetu6ZWsvw	lyIf5pN2x6s	Scotland: How a Medieval Nation Withstood an Empire
UC10wjSicTht1rum3NF0H9WA	DMk3QOq0lQ0	You Were Never Supposed To Know This Much About The World
UC_7R-sfi7bi8dkzmSlBdUVw	2RJggsjlj4A	How Did Ancient Humans Survive the World's Deadliest Predators?
UC2NRf0-PH8IiMq5uA5FHJnA	nqE2t-QWlSg	The Disturbing Slavery Iceberg
UCoZd78hRUdxxsuGiABuHF_A	w5mhZs73Qwc	The CHAOTIC First World War
UCInfdX6B8ej4f2zge4fVuWw	x3rgK_kcVaw	How Europe Became Settled (7000–3100 BC)
UCtzvIHQyRDL2mtetu6ZWsvw	ygXLn0qfBZU	The History of Scotland: First War of Scottish Independence
UCtzvIHQyRDL2mtetu6ZWsvw	rrz5OqbZtzg	History of Medieval Sweden: From Tribes to Kingdom
UC2NRf0-PH8IiMq5uA5FHJnA	f-5Hsgbatvs	The Disturbing Nonhuman Encounters Iceberg Explained
UCInfdX6B8ej4f2zge4fVuWw	-s8SQP3xpkU	The Bronze Age Ended. Europe Kept Going. (1200–800 BC)
UCAksyQw6LlPRw-rYhEPADMA	H7C6yb-JugE	Scientists Finally Solve the Mystery of the Mummy Found in a California Garage
UC2NRf0-PH8IiMq5uA5FHJnA	pbP1k5t8T5U	The Biggest Haters in Human History
UCtzvIHQyRDL2mtetu6ZWsvw	_UnsIckunrY	India–Pakistan War: A Protracted Conflict
UC2NRf0-PH8IiMq5uA5FHJnA	cTD6I4nWWIo	The Most Disturbing Religions Iceberg Explained
UCAksyQw6LlPRw-rYhEPADMA	e3Sw49IpLPM	Ancient DNA Finally Reveals Why Neanderthals Went Extinct
UCoZd78hRUdxxsuGiABuHF_A	-yi8kl8LWtg	The Shortest War EVER
UCoZd78hRUdxxsuGiABuHF_A	uuXVRRPaGfc	Meet WW2's Villains
UCtzvIHQyRDL2mtetu6ZWsvw	NZjD_WrQAPs	Unification of Germany: How Prussia Reshaped Europe
UC2NRf0-PH8IiMq5uA5FHJnA	BZ9enOCOzng	The FBI Most Wanted Criminals Iceberg Explained
UCtzvIHQyRDL2mtetu6ZWsvw	CzJwPNqVHGA	History of Russia: The Bloody Rise of The Grand Duchy of Moscow
UC2NRf0-PH8IiMq5uA5FHJnA	TzGTocwtuH4	The Disturbing Signs Iceberg Explained
UCtzvIHQyRDL2mtetu6ZWsvw	dZ7OmiGFBMc	The Rise and Fall of Ottoman Power in the Balkans
UCtzvIHQyRDL2mtetu6ZWsvw	cMp3UCK2uwk	The Reconquista: The Victory of Christianity and the Unification of Spain
UC35fL9KdO0OSC9CoQk5MLfg	yqNXuHHH6S8	The Craziest Laws From Ancient Civilizations
UC10wjSicTht1rum3NF0H9WA	vDgSmKfTrO8	Why Life in Ancient Rome Puts Ours to Shame
UCInfdX6B8ej4f2zge4fVuWw	sugmWkBCY2Y	Writing and the Crowns (3400–2890 BC)
UCtzvIHQyRDL2mtetu6ZWsvw	EbCUAOtDqMA	Castile: The Kingdom That Shattered Muslim Spain
UC2NRf0-PH8IiMq5uA5FHJnA	nqF0IH8YNy4	The Disturbing Furry Iceberg Explained
UC2NRf0-PH8IiMq5uA5FHJnA	K3LGid8jgls	Every Major EVIL Human Experiment in 26 Minutes
UCtzvIHQyRDL2mtetu6ZWsvw	ONd0CulwBgc	How the Ottoman Empire Changed Europe and the Middle East
UC2NRf0-PH8IiMq5uA5FHJnA	gXJThHeK8to	Dumbest Way People Died In Human History
UCtzvIHQyRDL2mtetu6ZWsvw	PtZunmUyaDE	How Debt Destroyed the Danish Kingdom
UC2NRf0-PH8IiMq5uA5FHJnA	awRhsK42PeE	The Disturbing Banned Books Iceberg Explained
UCInfdX6B8ej4f2zge4fVuWw	9kKgsh9b5yk	The Black Sea Opens (800–500 BC)
UC2NRf0-PH8IiMq5uA5FHJnA	NmfPT5VXGXg	The Disturbing Reality Shows Iceberg Explained
UCtzvIHQyRDL2mtetu6ZWsvw	URp_H7dJCD8	Pyrrhus vs Rome: The Pyrrhic War That Changed Italy
UC2NRf0-PH8IiMq5uA5FHJnA	J3NLJKq0qO8	The Most Bizarre Cults Iceberg Explained
UC2NRf0-PH8IiMq5uA5FHJnA	hU4_fohiZ08	The Disturbing Spongebob Iceberg Explained
UC2NRf0-PH8IiMq5uA5FHJnA	VmM8sZRaYrI	The Disturbing Kpop Iceberg Explained
UC35fL9KdO0OSC9CoQk5MLfg	ZJo8kRR82T8	Ancient Medical Practices That Were Completely INSANE
UC_7R-sfi7bi8dkzmSlBdUVw	q_Rqvd1ayUE	Our WORLD is F*cked Up...
UCInfdX6B8ej4f2zge4fVuWw	uf9xun38gU8	How Metal Connected Bronze Age Europe (2100–1600 BC)
UC2NRf0-PH8IiMq5uA5FHJnA	Vkpi8slcDEY	The Disturbing Native American Iceberg Explained
UCtzvIHQyRDL2mtetu6ZWsvw	AHblR67_478	Oil Wars: How the Black Gold Shaped the World
UC_7R-sfi7bi8dkzmSlBdUVw	1bKfsHbYBvo	How Gross Was the Past, Really?
UCtzvIHQyRDL2mtetu6ZWsvw	yzqt75QTsc8	Great Power Objectives in the Seven Years' War
UCAksyQw6LlPRw-rYhEPADMA	cUc3uz9RmCA	Scientists Finally Solved The Roanoke Colony Mystery - After 400 Years
UCtzvIHQyRDL2mtetu6ZWsvw	bs8doPmuYFo	History and Origins of Hungary
UC35fL9KdO0OSC9CoQk5MLfg	JxegJqzpzxI	The Most UNHINGED Queens in History
UC2NRf0-PH8IiMq5uA5FHJnA	B9H_J83rylk	The Disturbing Discord Iceberg Explained
UCAksyQw6LlPRw-rYhEPADMA	7k_awsfDYss	AI Just Solved the Alcatraz Escape After 64 Years — With Proof
UC10wjSicTht1rum3NF0H9WA	mC3j6VioY2U	Göbekli Tepe Proves Everything Wrong About the Agricultural Revolution
UC2NRf0-PH8IiMq5uA5FHJnA	D7GT0vEucBI	Animals With Generational BEEF
UCtzvIHQyRDL2mtetu6ZWsvw	EKxNtJ3UY8Y	The First Crusade: How The Holy War Started
UC2NRf0-PH8IiMq5uA5FHJnA	pUzrXioZUGs	The Disturbing Banned Animations Iceberg Explained
UC10wjSicTht1rum3NF0H9WA	SxTXdOLK-iI	The Death of Honor: The Warrior Code We Left Behind
UCtzvIHQyRDL2mtetu6ZWsvw	McchqEyufYE	History of the Scandinavian Kingdoms
UCtzvIHQyRDL2mtetu6ZWsvw	n4Ixc7-kEqY	Goths vs the Roman Empire: The War That Changed Europe
UCtzvIHQyRDL2mtetu6ZWsvw	l-ohuZUcSUQ	Polish Invasion of Russia: The Time of Troubles Explained
UCtzvIHQyRDL2mtetu6ZWsvw	f9IYWjf76d4	Money Through Time: From Antiquity to the Present
UCtzvIHQyRDL2mtetu6ZWsvw	LqyFCgnNYnI	500 Men vs 5 Million: How the Aztec Empire Actually Fell
UC2NRf0-PH8IiMq5uA5FHJnA	l4DBeL86SVo	The Celebrity Conspiracy Iceberg Explained
UCtzvIHQyRDL2mtetu6ZWsvw	sKl7YhJ7xyA	The Jagiellons: How Poland and Lithuania Built Europe's Largest State
UCtzvIHQyRDL2mtetu6ZWsvw	BU3X7bqmB-A	The United States at World War 2: the most powerful Allie
UCtzvIHQyRDL2mtetu6ZWsvw	Z7mC5wEIJjQ	The Second Crusade: The Crusader States That Destroyed Themselves
UCtzvIHQyRDL2mtetu6ZWsvw	17WbTF5fuL4	Anglo-Spanish War: How the English Defeated the Spanish Armada
UCInfdX6B8ej4f2zge4fVuWw	usYfiJOdoC8	The Balkans Before Alexander (800–500 BC)
UCInfdX6B8ej4f2zge4fVuWw	pHzVObLiYGc	The Rise of Inland Europe (800–500 BC)
UCtzvIHQyRDL2mtetu6ZWsvw	Cj-OMuGYT4w	Cold War: When the World Split in Half
UCtzvIHQyRDL2mtetu6ZWsvw	YHiulck0uTo	Clontarf: The Battle Ireland Won and Lost Its King
UCInfdX6B8ej4f2zge4fVuWw	6cvwinR92ZA	When the Pyramids Got Smaller (2490–2345 BC)
UCtzvIHQyRDL2mtetu6ZWsvw	36dpuAm3tUY	Thirty Years' War: A War for Religious Dominance in Europe
UC35fL9KdO0OSC9CoQk5MLfg	Kby3zW4m2jM	Leaders Who Died in the Dumbest Ways Possible
UCtzvIHQyRDL2mtetu6ZWsvw	7Yv5kETDlrA	The Third Crusade: Battles for the Holy Land
UCtzvIHQyRDL2mtetu6ZWsvw	bqbgQvlKSeA	History of Germanic People: Those Who Were Feared By Rome
UCoZd78hRUdxxsuGiABuHF_A	GZ1-BtL6j14	Sieging Castles SUCKS actually...
UCInfdX6B8ej4f2zge4fVuWw	sMcZ2q09KXw	Europe's First Networks (3100-2100 BC) - Stone Landscapes to Copper Worlds
UCAksyQw6LlPRw-rYhEPADMA	REV_9oqbvOU	The DNA of the Most Isolated Tribe on Earth is Rewriting Human History
UC2NRf0-PH8IiMq5uA5FHJnA	c2Y3muOfX8o	Disturbing Archaeology Iceberg
UCtzvIHQyRDL2mtetu6ZWsvw	qwuJiXkl76g	Greco-Persian Wars: The Rebellion that Lit Up Independence
UCtzvIHQyRDL2mtetu6ZWsvw	8vSCqw2n1Es	The Complete History of Chivalry: Feudals, Tournaments, Money
UCtzvIHQyRDL2mtetu6ZWsvw	oBukQLP2sJw	The Rise of the Holy Roman Empire: A Historical Overview
UC2NRf0-PH8IiMq5uA5FHJnA	48W3wVbZhqA	The US War Crime Iceberg Explained
UC2NRf0-PH8IiMq5uA5FHJnA	8kufLg2a3fE	The Disturbing Unsolved True Crime Cases Iceberg
UCAksyQw6LlPRw-rYhEPADMA	zvTHV3AQXow	7,000-Year-Old DNA Reveals Shocking Truth That Rewrites Human History
UCpgrEMx8diLrw7YNQ6r3uUw	QP1maS6hYn4	How Did Ancient Humans Travel the World?
UCtzvIHQyRDL2mtetu6ZWsvw	4Rgf3MUlCt0	The Full History of Piracy (Part 1)
UCtzvIHQyRDL2mtetu6ZWsvw	_hAaEqIs3Cs	Muslim Invasions of Christian Europe
UC2NRf0-PH8IiMq5uA5FHJnA	2KlU4s8bBjE	The DISTURBING Cartel Iceberg Explained
UCoZd78hRUdxxsuGiABuHF_A	wK9XgMvTfHg	The Jesus Problem
UC2NRf0-PH8IiMq5uA5FHJnA	ieN5oB7wrvA	The Most Evil Parents of All Time
UC2NRf0-PH8IiMq5uA5FHJnA	V7eRenexKe8	The 9/11 Iceberg Explained
UCtzvIHQyRDL2mtetu6ZWsvw	DTTJmSyJw60	Great Britain vs China : History Opium Wars
UC2NRf0-PH8IiMq5uA5FHJnA	kwrLVfyjVG0	The Most Disturbing Punishments In Each Religion
UCtzvIHQyRDL2mtetu6ZWsvw	CtBaC971eUw	The Shocking Rise and Fall of the Byzantine Empire
UCAksyQw6LlPRw-rYhEPADMA	JAgzCITzc-E	New Study Cracks the Stonehenge Mystery and Reveals Hidden Order
UC10wjSicTht1rum3NF0H9WA	1sGDIeldr-s	"Your ""Busy"" Life Would Disgust an Ancient Roman"
UCtzvIHQyRDL2mtetu6ZWsvw	sISMEcpO2y0	The English Civil War: The Conflict That Overthrew the Monarchy
UC35fL9KdO0OSC9CoQk5MLfg	Jq2OVSuYzkI	Kings Who Lost Their Minds
UCtzvIHQyRDL2mtetu6ZWsvw	u-vzm7GsteI	The Punic Wars: Rise and Fall of Carthage
UC2NRf0-PH8IiMq5uA5FHJnA	bbraUQkGEFE	The Most Disturbing Unsolved Disappearances Iceberg Explained
UC2NRf0-PH8IiMq5uA5FHJnA	R7tlozYjgFc	The Entire History of Human Civilizations Explained
UCInfdX6B8ej4f2zge4fVuWw	HvEPZ0-eH0Y	The Greek World Rises Again (800–500 BC)
UCoZd78hRUdxxsuGiABuHF_A	ZoyhgaNw4eM	The Dumbest Heist in History
UCtzvIHQyRDL2mtetu6ZWsvw	RRA_2b-E0Ac	Biggest Empires: Powerful States Throughout History
UC35fL9KdO0OSC9CoQk5MLfg	wL27lkaG98A	Every Poison Used in Ancient Civilizations
UC2NRf0-PH8IiMq5uA5FHJnA	WS7483jOcRA	The Disturbing Gacha Life Iceberg Explained
UC2NRf0-PH8IiMq5uA5FHJnA	0dg8W5QH-mA	The Craziest Drugs Iceberg Explained
UCtzvIHQyRDL2mtetu6ZWsvw	c_Fuv203fqY	History of Ukraine: The Ukrainian Path to Independence
UCtzvIHQyRDL2mtetu6ZWsvw	oeakw_nEAk8	Great Northern War: The ambitions of Peter the Great and the establishment of the Russian empire
UCAksyQw6LlPRw-rYhEPADMA	p06VEojKkLM	Ancient DNA Reveals the Two Origins of Humanity
UCtzvIHQyRDL2mtetu6ZWsvw	t-SkUfBmxro	Dutch Independence: War Against the Spanish Empire
UCtzvIHQyRDL2mtetu6ZWsvw	mQeefC2E8uw	The Tudor Epoch: A Dynasty’s History on England’s Throne
UCoZd78hRUdxxsuGiABuHF_A	qc4p6ko-tpA	Fact-Checking Hitler
UCAksyQw6LlPRw-rYhEPADMA	LB9mwofGnDU	Ancient DNA Finally Reveals the REAL Origin of the Neanderthals
UCtzvIHQyRDL2mtetu6ZWsvw	bu95XURh-L8	How Russia Became So Big: The Conquest of Far East
UCtzvIHQyRDL2mtetu6ZWsvw	IeJ6Ap6Jg48	The Migration Period: How Europe Was Born
UC2NRf0-PH8IiMq5uA5FHJnA	A1r7XmTy8Fc	The Most Disturbing Movies In History Iceberg Explained
UC35fL9KdO0OSC9CoQk5MLfg	aUA7KnhHb7o	Every Drug Used in Ancient Civilizations
UC10wjSicTht1rum3NF0H9WA	AnOUfYuScuA	Why You Wake Up at 3 AM Every Night | History of The Watch
UCoZd78hRUdxxsuGiABuHF_A	FFxf_IsYm4Y	The Philosopher Everyone Hates...
UC35fL9KdO0OSC9CoQk5MLfg	BvgYdkHhM5o	The Most EVIL Punishments in History
UCtzvIHQyRDL2mtetu6ZWsvw	PLM7VS2A2RA	History of the Ottoman Empire: The Conquest of Europe
UCtzvIHQyRDL2mtetu6ZWsvw	HPQ5BtFsPZM	Why Prussia Made Europe So Dangerous
UCpgrEMx8diLrw7YNQ6r3uUw	6TzPQ0046lw	What did Early Humans do when they got Sick
UC2NRf0-PH8IiMq5uA5FHJnA	ltcx7bHK41M	The Disturbing Space Iceberg Explained
UCtzvIHQyRDL2mtetu6ZWsvw	RwkmrGdLwTk	History of Ireland: From Celts to English Rule
UC2NRf0-PH8IiMq5uA5FHJnA	B5VjsW_NNgw	The Worst Serial Killers From Every Country
UCtzvIHQyRDL2mtetu6ZWsvw	Mf7jckhIPfQ	Paths of Indo-European Language Expansion
UCtzvIHQyRDL2mtetu6ZWsvw	YJLdVXKY7kA	The Slavs: A Migration That Shaped Europe
UC2NRf0-PH8IiMq5uA5FHJnA	WJFb_8bRnIM	The Disturbing Ancient Mysteries Iceberg Explained
UC10wjSicTht1rum3NF0H9WA	EeEeLID9mis	What It Was Actually Like to Live in a Medieval Castle
UC2NRf0-PH8IiMq5uA5FHJnA	cCOlDOgery0	The Most Disturbing Deaths Iceberg Explained
UCtzvIHQyRDL2mtetu6ZWsvw	iGlbRkXg5k8	The Origins of Papacy and the Road to Power
UC35fL9KdO0OSC9CoQk5MLfg	n7VBjyIx1V4	Ancient Discoveries That We Still CANT Explain
UC2NRf0-PH8IiMq5uA5FHJnA	gvi4D42YktU	The Bizarre Cryptid Iceberg Explained
UCInfdX6B8ej4f2zge4fVuWw	lcCKZ3rnjx8	The Struggle for the Western Mediterranean (800–500 BCE)
UC2NRf0-PH8IiMq5uA5FHJnA	rjs6RYEbPHk	Famous Youtubers That Became Criminals
UCtzvIHQyRDL2mtetu6ZWsvw	_PliM4WJNkE	The Huns: How They Built Antiquity's Deadliest Power
UCtzvIHQyRDL2mtetu6ZWsvw	jSO0dVvzt7g	The Fourth Crusade: The Holy War That Destroyed Christendom
UCpgrEMx8diLrw7YNQ6r3uUw	dp3jYZXKOos	The Disturbing Ways Ancient Humans Survived Winter
UC2NRf0-PH8IiMq5uA5FHJnA	TXc_HXMFSiw	The Disturbing Anime Fandom Iceberg Explained
UCtzvIHQyRDL2mtetu6ZWsvw	sQpDCvDEgEk	European Empires in Conflict: The History of the Crimean War
UCtzvIHQyRDL2mtetu6ZWsvw	OTb8WECONfY	The Arab Conquest of Persia: The Fall of a Superpower
UCtzvIHQyRDL2mtetu6ZWsvw	dmImyBXul7c	The History of England: The Anglo-Saxon Invasion of Britain
UC2NRf0-PH8IiMq5uA5FHJnA	czh5F-o4FjY	The Extremely Disturbing Hell Iceberg Explained
UCInfdX6B8ej4f2zge4fVuWw	ZJQIo4tdvCA	Before the Collapse: The Palace World of the Aegean (1900-1200 BC)
UCAksyQw6LlPRw-rYhEPADMA	QTb_f0aAccY	Ancient DNA Reveals the Extinction Bottleneck
UCtzvIHQyRDL2mtetu6ZWsvw	WTpS0ktrI5s	Road to Empire: Alexander the Great - The Beginning of the Conquests
UCAksyQw6LlPRw-rYhEPADMA	CA7xOTBDL3s	The Ramesses Mystery Solved - After 3,000 Years
UC2NRf0-PH8IiMq5uA5FHJnA	lPhGVKplSTE	Parents Who Took Revenge On Child Predators
UCoZd78hRUdxxsuGiABuHF_A	8xBwIrr8qSw	A Thirty Years War and a Drunky Boy
UCInfdX6B8ej4f2zge4fVuWw	aIwQEAri4WU	The Age of the Pyramids (2890–2490 BC)
UC2NRf0-PH8IiMq5uA5FHJnA	RZOXrcACX24	The Most Deadly Diseases Iceberg Explained
UC2NRf0-PH8IiMq5uA5FHJnA	cApSrHiqygA	The Disturbing Ocean Mysteries Iceberg Explained
UCAksyQw6LlPRw-rYhEPADMA	bKbaTBMZmkY	130,000-Year-Old Mastodon Bone Mystery Reveals Who the REAL First Americans Were
UCtzvIHQyRDL2mtetu6ZWsvw	lKHT8fILNUY	Crusade in the Heart of Europe: The Destruction of the Cathars
UCtzvIHQyRDL2mtetu6ZWsvw	vTxCL-0CZnU	Breakup of Yugoslavia: bloody wars, NATO intervention
UCtzvIHQyRDL2mtetu6ZWsvw	QiT0njL-vqs	The Birth of the Hungarian Kingdom: From Pagans to the Shield of Europe
UC2NRf0-PH8IiMq5uA5FHJnA	_myoxEh418U	Every Religion's Hell & What It Would Feel Like
UCAksyQw6LlPRw-rYhEPADMA	c815MrTJO5I	Scientists Finally Solved The Type O Blood Mystery — America's Hidden Bloodline
UC10wjSicTht1rum3NF0H9WA	DMSXG8ID3zs	What Ancient Romans Understood About FAILURE That We've Forgotten
UCtzvIHQyRDL2mtetu6ZWsvw	4hl-WlrdU54	History of Islam: Rise and Expansion
UCtzvIHQyRDL2mtetu6ZWsvw	JDouwB6EMpI	The Great Turkish War: The Holy League Against the Ottomans
UC2NRf0-PH8IiMq5uA5FHJnA	TWbbsd01ifc	The Religious Apocalypse Iceberg
UCtzvIHQyRDL2mtetu6ZWsvw	_cglXYNDj3s	History of the Risorgimento: Italy’s Unification
UCInfdX6B8ej4f2zge4fVuWw	aaVeqX5QJx8	When the Eastern Mediterranean Broke (1250-1130 BC)
UCtzvIHQyRDL2mtetu6ZWsvw	BKwWEpYSSXo	History of the USA: Military Campaigns and Global Influence (Part 1)
UCtzvIHQyRDL2mtetu6ZWsvw	i6N2VyBI_nw	From Suleiman to Ataturk: The History of the Ottoman Empire
UCAksyQw6LlPRw-rYhEPADMA	9T8ad-4_QTI	Ancient DNA Reveals Who the Aztecs Really Were — And How They Collapsed
UC_7R-sfi7bi8dkzmSlBdUVw	H6pReZzpmfE	What Was the World Like in Ancient Human Times?
UC10wjSicTht1rum3NF0H9WA	3DxKKLRma9Q	The Hidden History of Folk Magic in the Middle Ages
UCInfdX6B8ej4f2zge4fVuWw	BKVqxVTznHU	When We First Stopped Wandering (9500–6000 BC)
UCAksyQw6LlPRw-rYhEPADMA	xhLpoONXVHc	Scientists Finally Solved The Napoleon Mummification Mystery
UCAksyQw6LlPRw-rYhEPADMA	hPzWq3RnOxU	After 55 Years, D.B. Cooper’s True Identity Finally Comes Down to 2 Men
UC2NRf0-PH8IiMq5uA5FHJnA	y4nnRWD5Bi0	The Disturbing GTA 5 Iceberg Explained
UC2NRf0-PH8IiMq5uA5FHJnA	UytAs8E3mSg	The Disturbing Vietnam War Iceberg Explained
UC2NRf0-PH8IiMq5uA5FHJnA	FY5TqJJApwE	The Forbidden Places Iceberg Explained
UC2NRf0-PH8IiMq5uA5FHJnA	iz0w3WjDXE0	7 Hours of DARK & Disturbing Icebergs Explained
UCAksyQw6LlPRw-rYhEPADMA	-e-kFMFjnUo	50,000 Year Old DNA Discovery Reveals the REAL Origin Of Neanderthals
UC2NRf0-PH8IiMq5uA5FHJnA	SBtrolFdrg8	The Disturbing Apocalypses Iceberg Explained
UCtzvIHQyRDL2mtetu6ZWsvw	9enUkOouhyw	Third Reich VS Poland: Invading and Dividing
UC2NRf0-PH8IiMq5uA5FHJnA	h4RRLp8LTB0	The Disturbing Japan Iceberg Explained
UCAksyQw6LlPRw-rYhEPADMA	-kkNhg-MvRk	Ancient DNA Reveals the REAL Origin of Scotland’s PICTS
UCAksyQw6LlPRw-rYhEPADMA	lmOukQBHvOw	Ancient DNA Reveals the Real Story of Cat Domestication
UCtzvIHQyRDL2mtetu6ZWsvw	yPwAgQlNAQQ	From Hiroshima to Present Day: The History of Nuclear Weapons | History Mapped Out
UCAksyQw6LlPRw-rYhEPADMA	ko8n-mihUPI	The Hidden Truth Behind the 1518 Dancing Plague
UCtzvIHQyRDL2mtetu6ZWsvw	gakWWXTuF2o	Arab-Israeli Wars on the Map: Palestine, Six-Day War, Yom Kippur War
UC2NRf0-PH8IiMq5uA5FHJnA	NUA350fsH6I	The Lovecraftian Entity Iceberg
UC2NRf0-PH8IiMq5uA5FHJnA	YZdl-uMfE0Y	The Most Brutal Torture Methods Iceberg Explained
UC2NRf0-PH8IiMq5uA5FHJnA	cbJdMtnDAtg	The Disturbing Nazi Iceberg Explained
UCtzvIHQyRDL2mtetu6ZWsvw	qQVjjDb__qs	The End of the Reconquista and the Unification of Spain
UCtzvIHQyRDL2mtetu6ZWsvw	6zpshs2l8n8	Austria-Hungary: The Empire Doomed to Collapse
UCtzvIHQyRDL2mtetu6ZWsvw	jw5WWe_bbYU	History of the Nomads: From the Cimmerians to the Sarmatians
UC2NRf0-PH8IiMq5uA5FHJnA	h_rSC97ERn8	The Disturbing Heaven Iceberg Explained
UC2NRf0-PH8IiMq5uA5FHJnA	ydlKm2CQSx4	The Devastating Tragedies Iceberg Explained
UCtzvIHQyRDL2mtetu6ZWsvw	VO0ylL3JRKk	Hundred Years' War: England vs. France
UCtzvIHQyRDL2mtetu6ZWsvw	4q3i33EFH4g	The Plantagenet Dynasty: Kings of England, Lords of France
UC2NRf0-PH8IiMq5uA5FHJnA	gApkzgP28cM	"The Ulimate ""Why It Sucks To Be Born As ___"" Tier List"
UCpgrEMx8diLrw7YNQ6r3uUw	9AFO6MHy8y4	When Did Ancient Humans Start Drinking Alcohol?
UCoZd78hRUdxxsuGiABuHF_A	CzkJJqo6GgY	The most Hateful Man that ever Lived
UCAksyQw6LlPRw-rYhEPADMA	wzLQGCBXVMM	Ancient Human Species We Once Shared the Earth With
UCtzvIHQyRDL2mtetu6ZWsvw	9oWqnF5vubs	The History of the USA: American Revolution and War for Independence
UCtzvIHQyRDL2mtetu6ZWsvw	XziYw8H9HMc	The Full History of Piracy (Part 2)
UCtzvIHQyRDL2mtetu6ZWsvw	TAh1447GNcY	The Mongol Empire: Nomads That Conquered Half of the World
UCAksyQw6LlPRw-rYhEPADMA	mFqnZ1kuNsU	Baalbek Megalithic Structure Mystery Finally Solved — No Human Could Ever Build
UC35fL9KdO0OSC9CoQk5MLfg	SlEfdb6wvlE	The Most Brutal Betrayals In History
UC2NRf0-PH8IiMq5uA5FHJnA	FktanGGS6WY	The Worst Punishments in Ancient Civilizations
UCAksyQw6LlPRw-rYhEPADMA	qu-ney-p9vs	What DNA Revealed About The Melungeons Changes Everything We Know About American History
UCtzvIHQyRDL2mtetu6ZWsvw	PJaALSPskjg	Why the Vikings Disappeared from Greenland
UCpgrEMx8diLrw7YNQ6r3uUw	0WtFuiHn2-g	How Did Human Accidentally Invented Guns?
UC_7R-sfi7bi8dkzmSlBdUVw	UFAPaRxXEAo	Napoleon Did Some Truly Bizarre Things...
UCpgrEMx8diLrw7YNQ6r3uUw	xmQk_oLVau0	Why Ancient Humans Were The Most TERRIFYING Animal Alive
UCtzvIHQyRDL2mtetu6ZWsvw	xflV43nYACk	The Battle of Poitiers: The Clash Between the Franks and the Muslim World
UC10wjSicTht1rum3NF0H9WA	N1fHlTBG5wg	The Strangest Inventions of the Renaissance Era
UC2NRf0-PH8IiMq5uA5FHJnA	XZGXuvB1CA0	The Disturbing Online Cult Iceberg
UCInfdX6B8ej4f2zge4fVuWw	eeeK7fp5p2I	Ancient Italy Before Rome Took Over (800–500 BC)
UC2NRf0-PH8IiMq5uA5FHJnA	dsmo4dUJW1Q	Humans With Questionable Super Powers
UCtzvIHQyRDL2mtetu6ZWsvw	wz9E6WIyI6w	Japan in World War II: A Small Empire with Big Ambitions
UCtzvIHQyRDL2mtetu6ZWsvw	ZyuldBCTQQw	War of the Austrian Succession: The Habsburg Succession Crisis
UC2NRf0-PH8IiMq5uA5FHJnA	yEg6iWbM2yQ	The Disturbing Sleep & Dream Iceberg Explained
UC35fL9KdO0OSC9CoQk5MLfg	kC4hErBshbc	Ancient Technologies We Still Can't Explain
UC2NRf0-PH8IiMq5uA5FHJnA	14DGSfOlsVE	The Disturbing Christianity Iceberg
UC35fL9KdO0OSC9CoQk5MLfg	qf2iTpd5mHo	Ancient Civilizations That Vanished Without a Trace
UC2NRf0-PH8IiMq5uA5FHJnA	WqiMzpkCrmk	The Most Disturbing Incidents Caused by Cults
UCInfdX6B8ej4f2zge4fVuWw	DOVSE5g3v14	The Rise and Ruin of Greek Italy (800–500 BC)
UCoZd78hRUdxxsuGiABuHF_A	FSCcvXi0PvY	The Longest War EVER
UCAksyQw6LlPRw-rYhEPADMA	ol-9-waanos	Ancient DNA Reveals the Truth about Neanderthals
UCtzvIHQyRDL2mtetu6ZWsvw	OJc2D6Y5PS4	Age of Discovery: Exploring the New World (Part 1)
UC2NRf0-PH8IiMq5uA5FHJnA	N0Sl-s6MzJU	The Disturbing South Korea Iceberg Explained
UC2NRf0-PH8IiMq5uA5FHJnA	jc9RV3rfg8w	What War Was Like In Every Time Period
UCtzvIHQyRDL2mtetu6ZWsvw	wGcCGaXb86s	The History of England: The Viking Invasion
UCtzvIHQyRDL2mtetu6ZWsvw	BQXHP-HbEOc	Europe on the Eve of World War I
UCtzvIHQyRDL2mtetu6ZWsvw	ki32yn8R9t8	Why Justinian’s Greatest Triumph Was a Disaster
UC2NRf0-PH8IiMq5uA5FHJnA	BYtNVJm06EQ	Scariest Tribal Cults To Ever Exist
UC35fL9KdO0OSC9CoQk5MLfg	yCFp27Kbwpo	The Most EVIL Doctors in History
UC10wjSicTht1rum3NF0H9WA	lD0zImgeHsU	The Psychology of a Medieval Peasant
UCpgrEMx8diLrw7YNQ6r3uUw	SD7XyG2wd1k	What Did Ancient Humans Do When It Rained All Week?
UC2NRf0-PH8IiMq5uA5FHJnA	_kddydOh7wY	Lucky People Who Survived The Impossible
UC2NRf0-PH8IiMq5uA5FHJnA	Yxwu44VADyo	The Disturbing Great Depression Iceberg Explained
UCtzvIHQyRDL2mtetu6ZWsvw	N08OyMXmNo0	Northern Crusades: Europe’s War on Pagans
UC2NRf0-PH8IiMq5uA5FHJnA	7dyBvc-r3z4	The Most Disturbing Unsolved Mysteries Iceberg Explained
UC2NRf0-PH8IiMq5uA5FHJnA	5qxT_xTCqK8	The Disturbing SCP Iceberg Explained
UC2NRf0-PH8IiMq5uA5FHJnA	Pc0WqrXWhD0	The Mysterious & Lost Locations Iceberg Explained
UCAksyQw6LlPRw-rYhEPADMA	HkHusM-KtI8	The Baltic Sea Anomaly Mystery Solved - With Proof
UC2NRf0-PH8IiMq5uA5FHJnA	h8KsmjRlZNI	Disturbing World War 1 Iceberg Explained
UCtzvIHQyRDL2mtetu6ZWsvw	Z5TdEzxhx_U	The Roman Empire: power and discipline
UCpgrEMx8diLrw7YNQ6r3uUw	UuES_JDWBIo	The Real Reason Humans Started Wearing Clothes
UC2NRf0-PH8IiMq5uA5FHJnA	sznY_Hp8E7w	The Bloodiest Wars in Human History(1 Million+ Deaths)
UC2NRf0-PH8IiMq5uA5FHJnA	eFJ0Za9N-4E	Scientific Misconceptions For You To Bring Up During Family Dinner
UCtzvIHQyRDL2mtetu6ZWsvw	lqH8bqObMqE	The Seven Years' War: The First Global War
UCtzvIHQyRDL2mtetu6ZWsvw	5q7JMuH46vI	From World War I to World War II: A Restless Break
UCoZd78hRUdxxsuGiABuHF_A	nKRTWlQO9ms	My Favorite Piece of Arabic History
UC2NRf0-PH8IiMq5uA5FHJnA	3n1D_QrFRPA	The Disturbing World War 2 Iceberg Explained
UC2NRf0-PH8IiMq5uA5FHJnA	7Th7depsQ_Q	Things That Would Get You Killed In The Dark Ages
UC2NRf0-PH8IiMq5uA5FHJnA	LQ_6OG7-xmA	What Dying From Every Deadly Disease Feels Like
UCAksyQw6LlPRw-rYhEPADMA	L0-1hy4KQUg	New Evidence Reveals The Shocking Truth About Skeleton E26
UCInfdX6B8ej4f2zge4fVuWw	Mv1SsKhxGg4	The World That Made Rome (800–500 BC)
UCtzvIHQyRDL2mtetu6ZWsvw	xhDaXtA0AHk	How China Became a Superpower: The Path to Success
UC2NRf0-PH8IiMq5uA5FHJnA	Mh-O9Fy7qlA	The Most Disturbing Theme Park Incidents Iceberg
UCInfdX6B8ej4f2zge4fVuWw	9siIza6Pu3I	How Burial and War Reshaped Bronze Age Europe (1300–1100 BC)
UCtzvIHQyRDL2mtetu6ZWsvw	TqgNhUzH_iY	Vandals: The People Who Took the Sea From Rome
UC2NRf0-PH8IiMq5uA5FHJnA	-UfqxQRcr3k	The Most Disturbing Serial Killers Iceberg Explained
UC35fL9KdO0OSC9CoQk5MLfg	fc19ey3FFC0	The Most EVIL Experiments Ordered by Kings
UC2NRf0-PH8IiMq5uA5FHJnA	9W2LKaAF5Us	The Disturbing Black Death Iceberg Explained
UCtzvIHQyRDL2mtetu6ZWsvw	t7vcrjT6_ZQ	Battle of Stalingrad: The Turning Point of World War II
UC10wjSicTht1rum3NF0H9WA	HcMOUgXIACU	Looksmaxxing, Clavicular, and the Death of Meaning
UC10wjSicTht1rum3NF0H9WA	iuu6sPr6vfo	Why Friendship Today Looks Nothing Like It Did for the Ancients
UCoZd78hRUdxxsuGiABuHF_A	wgsMw3wU5hE	How a Refugee became a Prince
UCtzvIHQyRDL2mtetu6ZWsvw	-bYn-rR2cDA	The Reformation in France: A War of Faith That Changed a Nation
UCtzvIHQyRDL2mtetu6ZWsvw	LI3a-pgAATQ	History of the Sumerians and the Fall of the Akkadian Empire
UC2NRf0-PH8IiMq5uA5FHJnA	kbJeOLaC7Yo	The Dark & Disturbing North Korea Iceberg
UCAksyQw6LlPRw-rYhEPADMA	bzs_An0jtZU	DNA Reveals a Hidden Truth About Abraham Lincoln's Mother's Ancestry
UC2NRf0-PH8IiMq5uA5FHJnA	6tcSvyO4jx8	The DARK Diddy Iceberg Explained
UCtzvIHQyRDL2mtetu6ZWsvw	BCplOOLJy34	The German Empire: From Prussia to a European Power
UC35fL9KdO0OSC9CoQk5MLfg	cHB2wBPCmmw	Disgusting Foods Ancient People ACTUALLY Ate
UC2NRf0-PH8IiMq5uA5FHJnA	iyceg15aJX0	What Dying From Every Deadly Ancient Disease Feels Like
UCAksyQw6LlPRw-rYhEPADMA	JJVR8L0-HZY	Ancient DNA Reveals the REAL Origin of the Black Irish
UCInfdX6B8ej4f2zge4fVuWw	puUW7FsTgXo	How Barrows and Frontiers Reshaped Bronze Age Europe (1600–1300 BC)
UCtzvIHQyRDL2mtetu6ZWsvw	RjMRnyGzMn0	The Norman Invasion that Rewrote Mediterranean History
UC2NRf0-PH8IiMq5uA5FHJnA	B96hj9yOvPo	Most Disturbing Reddit Confessions Ever
UC2NRf0-PH8IiMq5uA5FHJnA	sPA5UvIo0jc	The Most Brutal Surgeries In Human History
UC2NRf0-PH8IiMq5uA5FHJnA	mDKQWOPi2ok	What Dying From Every Deadly Disease Feels Like - Part 2
UCAksyQw6LlPRw-rYhEPADMA	AbQK3MJsgHU	Scientists Finally Uncovered What the Terracotta Army Was Built To Hide — But Refuse to Open It
UCtzvIHQyRDL2mtetu6ZWsvw	HgiQTEawFjY	The Formation of the Holy Roman Empire
UCtzvIHQyRDL2mtetu6ZWsvw	doyD2Fxe28A	The Rise of Rus: From Slavic Tribes to a Mighty State
UC_7R-sfi7bi8dkzmSlBdUVw	wt_7Hp7d7I8	How Did Ancient Humans Survive Deadly Winters?
UC10wjSicTht1rum3NF0H9WA	fmUNJcq02pg	Why Ancients Treasured Sadness and Modernity Forbids It
UC2NRf0-PH8IiMq5uA5FHJnA	yNVo2cnFVWU	Truly Evil Animal Experiments That ACTUALLY Happened
UCoZd78hRUdxxsuGiABuHF_A	F0_d1xjk2to	This Country Disappeared 8 TIMES....
UC2NRf0-PH8IiMq5uA5FHJnA	c_bb5e6U5NA	The Disturbing Internet Predator Iceberg Explained
UCtzvIHQyRDL2mtetu6ZWsvw	YlTR4XclPjM	The Franks: the Birth of Modern Europe
UC10wjSicTht1rum3NF0H9WA	UBOf1BXz9cE	What It Was Actually Like to Be a Renaissance Barber-Surgeon
UC2NRf0-PH8IiMq5uA5FHJnA	fZNf2WS2QOA	The Disturbing Banned Video Games Iceberg Explained
UC35fL9KdO0OSC9CoQk5MLfg	oQdwdpKBqIk	Ancient Inventions That Were Centuries Ahead of Their Time
UC10wjSicTht1rum3NF0H9WA	xQ51oueGqEE	The SHOCKING Truth About Crime and Punishment in  Renaissance Florence
UCtzvIHQyRDL2mtetu6ZWsvw	Xq8wUZUUT5k	History of the Celts: The Civilization That Gave Birth to Europe
UC2NRf0-PH8IiMq5uA5FHJnA	QrItDWfu4O8	The Most Disturbing Cave Deathes Iceberg Explained
UC2NRf0-PH8IiMq5uA5FHJnA	edSyTSGSNFY	Disturbing WW2 Weapons Iceberg
UCpgrEMx8diLrw7YNQ6r3uUw	OCr6NteWSQ8	Why Are We the Only Human Species Left? What happened to others...
UC2NRf0-PH8IiMq5uA5FHJnA	unwIoerPJS0	The Worst War Crimes Committed In Human History
UC2NRf0-PH8IiMq5uA5FHJnA	7QuXVw_075I	The Disturbing CIA Iceberg Explained
UCtzvIHQyRDL2mtetu6ZWsvw	B6cJ7oxzObU	The Beginning of the Wars with the Native Americans
UC35fL9KdO0OSC9CoQk5MLfg	aps2wMygS5I	Mistakes That Collapsed Entire Empires
UCtzvIHQyRDL2mtetu6ZWsvw	dGPtddlOZuo	The Italian Wars: Causes and Results of the Largest Conflict of the 16th Century
UCInfdX6B8ej4f2zge4fVuWw	X95bS6Z1-ZY	The First Empire (2334–2154 BC)
UCAksyQw6LlPRw-rYhEPADMA	6hWTuuvjNbM	Ancient DNA Finally Reveals the REAL Origin of the Vikings
UC10wjSicTht1rum3NF0H9WA	IrjdyFFI4xc	The Brutal Life of Medieval Squires
UC2NRf0-PH8IiMq5uA5FHJnA	N_3zf03U4M8	The Most Evil Human Experiment Iceberg Explained
UCtzvIHQyRDL2mtetu6ZWsvw	XT7NNnSPAY0	The Great Silk Road: A History That Changed the World
UC2NRf0-PH8IiMq5uA5FHJnA	A-P6b4hs9WE	The Worst Dashcam Deaths Ever Caught on Camera
UCpgrEMx8diLrw7YNQ6r3uUw	ulWFk_L2Ips	what is The IKEA Effect.
UC35fL9KdO0OSC9CoQk5MLfg	xsYWDpZOY9M	1 Hour of the WORST Kings in History
UCtzvIHQyRDL2mtetu6ZWsvw	Um1x5Z0fFn8	The Hussite Wars: How Faith Changed Bohemia and Europe
UC2NRf0-PH8IiMq5uA5FHJnA	UZBpbz4yQt4	The Disturbing Demonology Iceberg Explained
UC35fL9KdO0OSC9CoQk5MLfg	CemKPHa2IUw	1 HOUR of the Craziest Realities of Ancient Times
UC2NRf0-PH8IiMq5uA5FHJnA	cZM74XJt52A	What If 1 Gorila Fought 100 Men?
UCoZd78hRUdxxsuGiABuHF_A	EHLI2WZUtXs	The ENTIRE History of ROME
