gruppe,kanal,videoId,titel,views,laenge_s,veroeffentlicht,rolle
G1,Axen,_87ANJzPI54,How Did Ancient Humans Discover the World's Most Popular Drug?,3300,548,1 day ago (2026-08-09),
G1,Axen,1bKfsHbYBvo,"How Gross Was the Past, Really?",6700,761,7 days ago (2026-08-03),
G1,Axen,kEc6rFGrdh4,Do Animals Live More Freely Than Humans?,22000,564,1 month ago (2026-07-10),
G1,Axen,dpGpFq9RZfg,What Did Ancient Human Education Look Like?,25000,617,1 month ago (2026-07-10),
G1,Axen,9SmcjthU5Yk,Why Does the OCEAN Get Creepier the Deeper You Go?,112000,592,1 month ago (2026-07-10),
G1,Axen,q_Rqvd1ayUE,Our WORLD is F*cked Up...,12000,420,2 months ago (2026-06-10),
G1,Axen,H6pReZzpmfE,What Was the World Like in Ancient Human Times?,24000,423,2 months ago (2026-06-10),
G1,Axen,wt_7Hp7d7I8,How Did Ancient Humans Survive Deadly Winters?,725000,624,2 months ago (2026-06-10),
G1,Axen,UFAPaRxXEAo,Napoleon Did Some Truly Bizarre Things...,9900,342,2 months ago (2026-06-10),schwach
G1,Axen,lJVPvTGUftQ,How Did Ancient Humans Have Privacy?,261000,315,3 months ago (2026-05-10),
G1,Axen,TQd2k1pEXp4,What Did Ancient Humans Do all Day Before Jobs Existed?,3100000,513,3 months ago (2026-05-10),treffer
G1,Axen,ebFhKmweSHo,Weird Feelings You Get That Your Brain Can't Explain...,26000,321,3 months ago (2026-05-10),
G1,Axen,2RJggsjlj4A,How Did Ancient Humans Survive the World's Deadliest Predators?,1100000,453,3 months ago (2026-05-10),
G1,Banana Explains,wPkax5Nk4Rg,Which Poison Made Humans Smart?,13,1668,4 hours ago | 2026-08-10,
G1,Banana Explains,A54AdfZpHZ8,What Was the Most Dangerous Job in the Stone Age?,476,1528,2 days ago | 2026-08-08,
G1,Banana Explains,jqBoIM2nP0M,Why Do Men Usually Die Younger Than Women?,2100,1623,4 days ago | 2026-08-06,
G1,Banana Explains,5yAjDUysBn4,What Did Ancient Humans Sleep On Before Beds?,4100,1604,6 days ago | 2026-08-04,
G1,Banana Explains,KpsjatyWIUw,How Young Did Ancient Humans Actually Marry?,1300,1559,7 days ago | 2026-08-03,
G1,Banana Explains,eRKLkr0c_bo,Can Animals Be Homosexual Too?,119,1699,9 days ago | 2026-08-01,
G1,Banana Explains,sU8lj_3kFdQ,How Did Ancient Humans Build Without Modern Tools?,2400,1463,11 days ago | 2026-07-30,
G1,Banana Explains,NWbydFe028g,What Did Ancient Humans Do for Entertainment?,639,1615,11 days ago | 2026-07-30,
G1,Banana Explains,PQJfl5vo1eA,How Did Humans First Discover Electricity?,2900,1472,2 weeks ago | 2026-07-27,
G1,Banana Explains,TQTmOWuKmfM,What Accidental Discovery Built Every Civilization?,8000,1549,2 weeks ago | 2026-07-27,
G1,Banana Explains,i9FReqU00v0,How Did Ancient Tribes Prevent Inbreeding?,2000,1381,2 weeks ago | 2026-07-27,
G1,Banana Explains,wlALWafOQyc,How Did Ancient Humans Survive Extreme Heat?,12000,1462,3 weeks ago | 2026-07-20,
G1,Banana Explains,vcSVgJH4bnI,How Dangerous Were Ancient Nights?,1900,1484,3 weeks ago | 2026-07-20,
G1,Banana Explains,JRkPB6hdGZ8,How Did Ancient Humans Find Safe Water?,631,1301,3 weeks ago | 2026-07-20,
G1,Banana Explains,Wy7FMtz7Z1s,What Did Ancient Humans Know About Hunger?,1100,1433,3 weeks ago | 2026-07-20,
G1,Banana Explains,9ZzCHgyo2AA,When Did Humans Start Smoking?,5900,1338,4 weeks ago | 2026-07-13,
G1,Banana Explains,YHeQzHjra4g,Why Do We Eat 3 Times a Day?,2700,1215,4 weeks ago | 2026-07-13,
G1,Banana Explains,u8y1g-0h0J4,Why Did Ancient Humans Eat So Much Meat?,11000,1428,1 month ago | 2026-07-10,
G1,Banana Explains,imCXC0i-o4M,When Did Ancient Humans Start Wearing Shoes?,11000,1439,1 month ago | 2026-07-10,
G1,Banana Explains,TOkSiGvGczM,Why Did Ancient Humans Stop Living in Caves?,4300,1402,1 month ago | 2026-07-10,
G1,Banana Explains,cb0KOajrHaI,Why Didn’t Roman Elites Want Children?,4000,1491,1 month ago | 2026-07-10,
G1,Banana Explains,3KafkrW6eJA,What Was an Average Day Like For Ancient Humans?,1200,1023,1 month ago | 2026-07-10,
G1,Banana Explains,Iy4PUT3xhvY,Where Do You Go Under Anesthesia? ,448000,1365,1 month ago | 2026-07-10,treffer
G1,Banana Explains,OGgxj53Wbw4,How Did Ancient Humans Deal With Boredom?,6800,1022,1 month ago | 2026-07-10,
G1,Banana Explains,t5aAx9SacTg,When Did Ancient Humans Discover Salt?,15000,1282,1 month ago | 2026-07-10,
G1,Banana Explains,KGkQk1ZzMJI,What Happens During Lucid Dreaming?,31000,1377,1 month ago | 2026-07-10,
G1,Banana Explains,B-iZI-FCRig,How Ancient Humans Kept Babies Alive? ,2600,1349,1 month ago | 2026-07-10,
G1,Banana Explains,4_FG4JJh834,Why Do Wild Animals Ask Humans for Help? ,281000,1457,1 month ago | 2026-07-10,
G1,Banana Explains,Hj_hdpvX6XI,Why Were Animals Afraid of Ancient Humans? ,11000,1370,1 month ago | 2026-07-10,
G1,Banana Explains,hvKlJ9EVtiA,How Did Ancient Humans Survive Mosquitoes?,107000,1471,1 month ago | 2026-07-10,
G1,Banana Explains,LGiHd5oAX0g,Do Cats Really Love Us?,1100,1055,1 month ago | 2026-07-10,
G1,Banana Explains,pV816xFTkZI,How Did Ancient Human Traps Work?,11000,1289,1 month ago | 2026-07-10,
G1,Banana Explains,kx6RsNm5eHk,Why Do Spiders Terrify Us?,49000,1241,1 month ago | 2026-07-10,
G1,Banana Explains,D0OY5RhUJFE,How Did Ancient Humans Survive Predators?,13000,1274,1 month ago | 2026-07-10,
G1,Banana Explains,lyZPZ5GWOv8,How Did Our Ancestors Avoid Freezing to Death?,4000,1361,1 month ago | 2026-07-10,
G1,Banana Explains,NgxnHkRb02I,Why Did Ancient Humans Start Making Music?,1000,1337,1 month ago | 2026-07-10,schwach
G1,Before Civilization,XQhx92HuIvA,How Ancient Humans Built Massive Cities Without Modern Machines,2500,1891,19 hours ago | 2026-08-09,
G1,Before Civilization,y1Raea1hIiE,10 Ancient Survival Tricks That Would Get You Arrested Today,8200,1753,1 day ago | 2026-08-09,
G1,Before Civilization,Bk9Zap9WcWA,How Ancient Humans Fed Entire Civilizations Without Modern Machines & Technology,5000,1934,2 days ago | 2026-08-08,
G1,Before Civilization,IIwAZkgYAW4,Ancient Humans Had No Laws. So Who Stopped the Killers?,3800,1776,3 days ago | 2026-08-07,
G1,Before Civilization,t85HenWwoSs,Why Were Ancient Humans Healthier Than Us?,2600,1638,4 days ago | 2026-08-06,
G1,Before Civilization,rNQZKB-iROQ,How Ancient Humans Survived 6 Months Without Seeing The Sun,10000,1755,6 days ago | 2026-08-04,
G1,Before Civilization,bG2ZcmBQHTA,The Ancient Survival Trick That Kept Fire Alive for Days,5300,1839,7 days ago | 2026-08-03,
G1,Before Civilization,2P0YP72lh7M,Why Ancient Humans Risked Everything To Teach Children,5300,1929,8 days ago | 2026-08-02,
G1,Before Civilization,sb33XbftLiY,6 Scary Prehistoric Animals Found Frozen in Ice,3300,1914,9 days ago | 2026-08-01,
G1,Before Civilization,R2t07sqGalM,What Happened When It Didn't Snow During the Ice Age?,3800,2192,10 days ago | 2026-07-31,
G1,Before Civilization,p0OuWdIEUv4,What Happned When Ancient Humans Discovered Fire?,5600,2124,11 days ago | 2026-07-30,
G1,Before Civilization,h2MjNEw0YxM,The Most Horrifying Ways Ancient Humans Stayed Warm,8200,1920,12 days ago | 2026-07-29,
G1,Before Civilization,ni9dfloMvek,What Did Ancient Humans Do With People Who Heard Voices?,5500,1920,13 days ago | 2026-07-28,
G1,Before Civilization,MDa6ZFH9XIo,Why Ancient Humans Couldn't Afford to Lose Their Grandparents,42000,1532,2 weeks ago | 2026-07-27,
G1,Before Civilization,xxHvuA7i7K8,The Terrifying Sound Every Ancient Human Recognized,26000,1672,2 weeks ago | 2026-07-27,
G1,Before Civilization,k4ZKvJd_ZJw,What Did Ancient humans Do If They Were Injured Far From Home?,6200,2089,2 weeks ago | 2026-07-27,
G1,Before Civilization,iYub7rFKhE8,How Did Ancient Humans Sleep Through Endless Rain?,99000,1580,2 weeks ago | 2026-07-27,
G1,Before Civilization,yssC3OO1fPE,The Largest Animals Hunted by Ancient Humans,3100,1857,2 weeks ago | 2026-07-27,
G1,Before Civilization,jmtwXEI2KtY,What Happened After Ancient Humans Killed a Mammoth?,35000,1849,3 weeks ago | 2026-07-20,
G1,Before Civilization,KsiU8bLFrkk,The Worst Place to Spend One Night During the Ice Age,9000,1989,3 weeks ago | 2026-07-20,
G1,Before Civilization,Y2f5hmzS-bs,What Did Ancient Humans Do When a Predator Followed Them Home?,6500,1528,3 weeks ago | 2026-07-20,
G1,Before Civilization,lDzNtUcAGa0,What Did Ancient Humans Do When Their Cave Flooded?,4200,1887,3 weeks ago | 2026-07-20,
G1,Before Civilization,ZgjaWjHbUDw,The Deadliest Mistake Ice Age Humans Ever Made,16000,1969,3 weeks ago | 2026-07-20,
G1,Before Civilization,mBhEbiA375U,What Happened If Ancient Humans Lost Their Tribe?,12000,1880,4 weeks ago | 2026-07-13,
G1,Before Civilization,BZA-s-ALxmI,What Happened When a Prehistoric Child Made Their First kill?,5900,1795,4 weeks ago | 2026-07-13,
G1,Before Civilization,xFyBOzXXD08,How Did Ancient Humans Hunt During Weeks of Rain?,26000,1615,1 month ago | 2026-07-10,
G1,Before Civilization,AGgVn9InFdA,How Did Ancient Humans Keep Fire Alive in Endless Rain?,73000,1818,1 month ago | 2026-07-10,
G1,Before Civilization,YKq-IjmQSh8,Why Did Ancient Humans Walk Straight Into the Ice?,10000,1598,1 month ago | 2026-07-10,
G1,Before Civilization,C0oXQgdbyOg,What Did Humans Do During Ice Age Summers?,42000,1590,1 month ago | 2026-07-10,
G1,Before Civilization,RDgdwV6fXvg,Why Ancient Humans Couldn't Survive Without Grandparents,57000,1500,1 month ago | 2026-07-10,
G1,Before Civilization,gKGDKDNtz8Y,A Day In The Life Of An Ice Age Human,30000,1779,1 month ago | 2026-07-10,
G1,Before Civilization,GLwwy67xVHE,Ancient Humans Had Perfect Focus — Here's Exactly What Destroyed Yours,2800,1453,1 month ago | 2026-07-10,
G1,Before Civilization,mnMUWv6w-1w,Why Ancient Humans Slept Inside Dead Animals,7400,1484,1 month ago | 2026-07-10,
G1,Before Civilization,PkDWrydX9Gg,SHOCKING Reason Why Predators Feared Ancient Humans Even in Their Sleep,44000,1582,1 month ago | 2026-07-10,
G1,Before Civilization,RlhWT97Cl9w,Why Didn't Ice Age Babies Freeze to Death?,3100,1164,1 month ago | 2026-07-10,
G1,Before Civilization,LawvvlYT9T8,How Did Ancient Humans Actually Find Water During the Ice Age?,17000,1729,1 month ago | 2026-07-10,
G1,Before Civilization,WKA5KFS1GNU,How Did Humans Actually Eat During the Ice Age at -40°C?,11000,1428,1 month ago | 2026-07-10,
G1,Before Civilization,cr6lhGksat4,How Did ancient humans ACTUALLY Survive –40°C Winters Without Heaters?,13000,1441,1 month ago | 2026-07-10,
G1,Before Civilization,o7OysKlxfGQ,How Did Humans Actually Sleep In The Ice Age Without Freezing To Death?,22000,1540,1 month ago | 2026-07-10,
G1,Before Civilization,AMlOV55o6mQ,Why Ancient Humans Would’ve Died Without Animals (Shocking Truth!!),2400,1085,1 month ago | 2026-07-10,
G1,Before Civilization,qFePAcuMnvE,The CRAZIEST  Survival Methods Used by Ancient Humans During the Ice Age (MUST WATCH!!),140000,1812,1 month ago | 2026-07-10,
G1,Before Civilization,daPwO72k2u4,How Did Ancient Humans Face A Terrifying Death In The Dark?,3200,555,1 month ago | 2026-07-10,
G1,Before Civilization,zTxhD2iCTP0,The Darkest Things Ancient Humans Did To Survive,1300,849,1 month ago | 2026-07-10,schwach
G1,Before Civilization,uPkmNl_I3aw,Why Did Ancient Humans Split Into Different Colors,2900,534,2 months ago | 2026-06-10,
G1,Before Civilization,btbL0gnLOu4,How Ancient Humans Actually Kept Their Children Alive Against Odds,7000,1036,2 months ago | 2026-06-10,
G1,Before Civilization,UmMhk2nmdus,Why Did Ancient Humans Fear This More Than Death?,2500,748,2 months ago | 2026-06-10,
G1,Before Civilization,v562ZDFRjkE,How Did Ancient Humans Deal With Hygiene Before?,8200,521,2 months ago | 2026-06-10,
G1,Before Civilization,Poco59Ojnmc,What Did Ancient Humans Eat When the Food Ran Out?,1600,595,2 months ago | 2026-06-10,
G1,Before Civilization,2xiAreVNkpI,The Dark Secret Ancient Humans Took To The Grave,1500,655,2 months ago | 2026-06-10,
G1,Before Civilization,Mn-wRBUe2W4,The Desperate Strategy of Ancient Humans That Saved Them From Extinction,5800,527,2 months ago | 2026-06-10,
G1,Before Civilization,RlYs7hYO63s,How Did Ancient Humans Perform surgeries?,3100,513,2 months ago | 2026-06-10,
G1,Before Civilization,0F6Ro33MWbM,"Ancient Humans Had No TV, No Phones, No Internet... So What Did They Do?",2500,542,2 months ago | 2026-06-10,
G1,Before Civilization,CqZ94ZzzgJI,Smartest Ways Ancient Humans Used to Kill Animals 10x Their Size,12000,615,2 months ago | 2026-06-10,
G1,Before Civilization,YeJEf4LruBI,Why Ancient Humans Started Hiding Their Bodies,10000,551,2 months ago | 2026-06-10,
G1,Before Civilization,twhJp_m6vm0,This One Mistakes Costed Other Species Their Survival While Ancient Humans Thrived,7600,463,2 months ago | 2026-06-10,
G1,Before Civilization,mAirRLQFoE0,The Darkest Things Ancient Humans Did To Survive The Cold,492000,468,2 months ago | 2026-06-10,treffer
G1,Before Civilization,qbkHnNdIDEk,Ancient Humans Were Drunk Every Single Day,113000,533,2 months ago | 2026-06-10,
G1,Before Civilization,YHvQsZQaiCU,What Made Ancient Humans So Deadly?,2200,449,2 months ago | 2026-06-10,
G1,Before Civilization,bt-wo0mJzN8,What Did Ancient Humans Do When Food Vanished?,4300,435,2 months ago | 2026-06-10,
G1,Before Civilization,Zck3GgGoYX0,What Did Ancient Humans Do When Everyone Was Watching?,2000,632,2 months ago | 2026-06-10,
G1,Before Civilization,ckOZKXGDxDk,Ancient Humans Slept Beside THIS Every Night,2600,472,2 months ago | 2026-06-10,
G1,Before Civilization,cz9lV2tuHqU,Why Did Ancient Humans Live 280 Feet Underground? ( SHOCKING!!),49000,673,2 months ago | 2026-06-10,
G1,Before Civilization,4quWD-CPxB8,What Did Ancient Humans Eat That Kept Them From Getting Fat?,13000,552,3 months ago | 2026-05-10,
G1,Before Civilization,-Tim9JpiGbA,Ancient Humans Had No Jobs... So What Did They Do All Day?,3900,469,3 months ago | 2026-05-10,
G1,Before Civilization,OmrYQBwxfx8,How Did Ancient Humans get High & What They Did will Surprise You,5000,613,3 months ago | 2026-05-10,
G1,Before Civilization,slp1mXIE5Zo,Ancient Humans Had To Do This To Keep Babies Alive,2000,508,3 months ago | 2026-05-10,
G1,Before Civilization,FUBbrODSo9M,Why Ancient Humans Never Got Lost (And You Still Have This Skill),1400,517,3 months ago | 2026-05-10,
G1,Before Civilization,ggSu8Q6Z5w8,What Ancient Humans Found Attractive Might Surprise You,1700,376,3 months ago | 2026-05-10,
G1,Before Civilization,mRurjpuUnBc,What Did Ancient Humans Do After Dusk?,3400,346,3 months ago | 2026-05-10,
G1,Ink Explainer,xmQk_oLVau0,Why Ancient Humans Were The Most TERRIFYING Animal Alive,9400,547,2 days ago (2026-08-08),
G1,Ink Explainer,0WtFuiHn2-g,How Did Human Accidentally Invented Guns?,20000,768,2 weeks ago (2026-07-27),
G1,Ink Explainer,dp3jYZXKOos,The Disturbing Ways Ancient Humans Survived Winter,178000,691,3 weeks ago (2026-07-20),
G1,Ink Explainer,SD7XyG2wd1k,What Did Ancient Humans Do When It Rained All Week?,1100000,697,1 month ago (2026-07-10),treffer
G1,Ink Explainer,QP1maS6hYn4,How Did Ancient Humans Travel the World?,669000,563,1 month ago (2026-07-10),
G1,Ink Explainer,OCr6NteWSQ8,Why Are We the Only Human Species Left? What happened to others...,900000,486,1 month ago (2026-07-10),
G1,Ink Explainer,vQ6M4MIOI0U,When Did Ancient Humans Started Smoking Weed?,248000,504,2 months ago (2026-06-10),
G1,Ink Explainer,LIwUH_R6oJY,Do Animals Know When Another Animal is a Baby?,196000,488,2 months ago (2026-06-10),
G1,Ink Explainer,9AFO6MHy8y4,When Did Ancient Humans Start Drinking Alcohol?,782000,364,2 months ago (2026-06-10),
G1,Ink Explainer,rpoVSR-9qNI,Why Life Speeds Up As You Get Older?,137000,543,2 months ago (2026-06-10),
G1,Ink Explainer,6TzPQ0046lw,What did Early Humans do when they got Sick,26000,483,3 months ago (2026-05-10),
G1,Ink Explainer,ulWFk_L2Ips,what is The IKEA Effect.,7200,249,3 months ago (2026-05-10),schwach
G1,Ink Explainer,UuES_JDWBIo,The Real Reason Humans Started Wearing Clothes,322000,404,3 months ago (2026-05-10),
G1,Mogo,b0UOiqdqnGo,How Did Ancient Humans Tell Time?,20,1470,2026-08-10,
G1,Mogo,E2x-12Kw_rE,How Did Plants Nearly Destroy Life on Earth?,224,1562,2026-08-08,
G1,Mogo,YNHQl5s5oQg,How Did Ancient Humans Cross Oceans Without Ships?,2500,1570,2026-08-06,
G1,Mogo,S2SNrvbXCbQ,What Dumb Skill Made Ancient Humans So Dangerous?,2300,1317,2026-08-04,
G1,Mogo,1KhegSj4u44,How Did Humans First Discover Alcohol?,2600,1568,2026-08-03,
G1,Mogo,li37vjoH5ss,"What Did Ancient Humans Do During the 100,000 Missing Years?",23000,1343,2026-08-02,
G1,Mogo,eyiBTWVyMi0,Why Did Humans Stop Eating Animal Organs?,5600,1651,2026-08-02,
G1,Mogo,klBWqL-45II,How Did Ancient Humans Use the Bathroom?,7600,1696,2026-08-01,
G1,Mogo,gE7fPOkZ_GE,Do Wild Animals See Humans As Weak?,40000,1372,2026-07-30,
G1,Mogo,l4Kar5srFG8,Why Do Humans Forget Their Dreams?,331,1505,2026-07-27,
G1,Mogo,PhPwP_VYCcg,Why Do You Keep Waking Up at 3AM?,402,1302,2026-07-27,
G1,Mogo,IjaqGycTBvQ,Why Can’t You Remember Being a Baby?,12000,1346,2026-07-27,
G1,Mogo,mC2jCvSk9tA,How Did Wild Cats Become Human Pets?,9700,1313,2026-07-20,
G1,Mogo,B8MYEQDZuic,How Did Humans Survive Before Houses?,4700,1300,2026-07-20,
G1,Mogo,HWK1zB_MuiA,Why Did Ancient Humans Sleep On Rocks?,3600,1451,2026-07-20,
G1,Mogo,xhYmPhJqD6E,How Did Ancient Humans Handle Death?,5900,1370,2026-07-20,
G1,Mogo,oUdDZe7dpqc,Why Didn’t Ancient Humans Exercise?,2300,1436,2026-07-20,
G1,Mogo,DODEMV7rRGQ,Why Don’t We Eat Other Animal Eggs?,389000,1205,2026-07-20,treffer
G1,Mogo,PV9VuRTKSIg,How Did Ancient Humans Survive Winter?,2700,1464,2026-07-13,
G1,Mogo,CA8tu6d8wi0,Do Animal Feel Time Differently?,2900,1384,2026-07-13,
G1,Mogo,avfw9NKRHRQ,Do Insects Know They Exist?,5200,1477,2026-07-10,
G1,Mogo,vLYj14NW52o,Why Did Ancient Humans Marry So Young?,2400,1475,2026-07-10,
G1,Mogo,nXIqBK_vfOc,Where Are You When You Dream?,569,1251,2026-07-10,schwach
G1,Mogo,v3CPireisCs,Why Did 95% Of Ancient Men Disappear?,722,1466,2026-07-10,
G1,Mogo,fIHCX_q8GYc,Why Do Animals Save Humans?,120000,1340,2026-07-10,
G1,Mogo,YAtXuHCehzo,How Did Tribes Punish Their Worst Members?,3300,1457,2026-07-10,
G1,Mogo,z9aXFTGLLSQ,How Did Ancient Humans Survive Endless Rain?,158000,1453,2026-07-10,
G1,Mogo,QrdEeFZ0LL8,How Did Ancient Humans Treat Disease?,2300,1338,2026-07-10,
G1,Mogo,CPli7ZCVs5g,Why Do Ancient Humans Have Different Blood Types? ,100000,1628,2026-07-10,
G1,Mogo,GeUQGzQyNYM,Did Ancient Humans Smell Terrible? ,4300,1321,2026-07-10,
G1,Mogo,A-dAU9lhoLE,How Did Ancient Humans Keep Their Kids Alive?,1300,1265,2026-07-10,
G1,Mogo,nl8cjn0Ccu8,When Did Ancient Humans Actually Start Smoking?,32000,1305,2026-07-10,
G1,Mogo,L_7xEUKeo-U,How Did Ancient Women Manage Their Periods?,3000,1444,2026-07-10,
G1,Noxenn,ccMqyf-GqF0,Why Did Ancient Humans Have Blue Eyes?,759,870,8 days ago (publishDate 2026-08-02),
G1,Noxenn,OfsOLH9qnEw,Why Do Predators Ignore Sleeping Humans?,6400,823,9 days ago (publishDate 2026-08-01),
G1,Noxenn,agc6-KnxOn8,How Did Ancient Humans Survive Deadly Winters?,1600,897,13 days ago (publishDate 2026-07-28),
G1,Noxenn,Vv63n9FGtEE,Why Did Ancient Humans All Have Brown Eyes?,1300,1273,2 weeks ago (publishDate 2026-07-27),
G1,Noxenn,QGF2VCJZVAw,How Did Ancient Humans Cross the Ocean?,2000,983,2 weeks ago (publishDate 2026-07-27),
G1,Noxenn,ymwYknfi6SE,How Did Ancient Humans Wash Their Clothes?,2200,1142,2 weeks ago (publishDate 2026-07-27),
G1,Noxenn,1Q2Bjmzh9HA,How Did Ancient Humans Wake Up on Time?,208,1033,2 weeks ago (publishDate 2026-07-27),
G1,Noxenn,BnrtjixW0bQ,How Did Ancient Humans Cook Without Pots?,4900,1105,3 weeks ago (publishDate 2026-07-20),
G1,Noxenn,t1ykRgpKiok,How Did Ancient Humans Carry Water?,4000,1043,3 weeks ago (publishDate 2026-07-20),
G1,Noxenn,DveNTBPDF6g,Why Did Ancient Humans Never Wash?,2900,1078,3 weeks ago (publishDate 2026-07-20),
G1,Noxenn,RLzPzzTEMPM,When Did Ancient Humans Get Their First Hangover?,1400,933,3 weeks ago (publishDate 2026-07-20),
G1,Noxenn,Yp_LNXh-xfg,Why Did Ancient Humans Marry Their Sisters?,2600,1093,3 weeks ago (publishDate 2026-07-20),
G1,Noxenn,tK94mxxOQM0,Why Did Ancient Humans Grow Taller?,5600,1050,3 weeks ago (publishDate 2026-07-20),
G1,Noxenn,nhoXexKDFdA,Why Did Ancient Humans Age So Fast?,2100,1046,3 weeks ago (publishDate 2026-07-20),
G1,Noxenn,c9Bd1phHcjE,How Did Ancient Humans Flirt?,790,939,4 weeks ago (publishDate 2026-07-13),
G1,Noxenn,2F63f-UivWU,Why Did Ancient Humans Have Kids at 12?,130000,1002,4 weeks ago (publishDate 2026-07-13),treffer
G1,Noxenn,ljhJszbOtdI,Why Do You Feel Watched in the Dark?,147,979,4 weeks ago (publishDate 2026-07-13),
G1,Noxenn,LH1LzXNEV6U,Why Did Ancient Humans Eat Lions?,2200,906,1 month ago (publishDate 2026-07-10),
G1,Noxenn,0ZX8KwAFRyw,How Did Ancient Humans Invent Money?,2000,1061,1 month ago (publishDate 2026-07-10),
G1,Noxenn,g_X3qBLbdiw,Why Did Ancient Humans Get High to Hunt?,4400,968,1 month ago (publishDate 2026-07-10),
G1,Noxenn,UJhKXu_ooOs,Why Did Ancient Humans Never Get Lost?,3100,1053,1 month ago (publishDate 2026-07-10),
G1,Noxenn,iNpL-VL2ciQ,Why Did Ancient Humans Never Drink Water,51000,1075,1 month ago (publishDate 2026-07-10),
G1,Noxenn,xJK9a0NfZ80,Why Did Ancient Humans Have 6 Fingers?,3100,980,1 month ago (publishDate 2026-07-10),
G1,Noxenn,Zy-lBcWlaQk,How Did Ancient Humans Travel The World?,7400,1069,1 month ago (publishDate 2026-07-10),
G1,Noxenn,6y4o9rc3wi4,Why Did Ancient Humans Never Wear Shoes?,57000,1013,1 month ago (publishDate 2026-07-10),
G1,Noxenn,wGAcQgCWbn4,Why Did Ancient Humans Never Clean Their Wounds?,9800,1058,1 month ago (publishDate 2026-07-10),
G1,Noxenn,rBtORDapWys,Why Did Ancient Humans Never Wash Their Hands?,12000,1279,1 month ago (publishDate 2026-07-10),
G1,Noxenn,kkGmP2mGWUg,Why Did Ancient Humans Wipe With Leaves?,5400,1165,1 month ago (publishDate 2026-07-10),
G1,Noxenn,quoFCdHnDoA,Why Did Ancient Humans Store Food in Their Mouth?,2800,1247,1 month ago (publishDate 2026-07-10),
G1,Noxenn,E-Jgy8-XByc,Why Did Ancient Humans Never Live Past 30?,9100,1187,1 month ago (publishDate 2026-07-10),
G1,Noxenn,ncuMSR8OMds,Why Did Ancient Humans Eat Bugs Daily?,7900,1132,1 month ago (publishDate 2026-07-10),
G1,Noxenn,IKVO4fyMsEU,Why Did Ancient Humans Gave Birth Standing Up?,2500,1097,1 month ago (publishDate 2026-07-10),
G1,Noxenn,orwSRmQSFkY,Why Ancient Humans Slept Sitting Up?,62000,1183,1 month ago (publishDate 2026-07-10),
G1,Noxenn,T2LBjp7LlNI,Why Ancient Humans Rested by Squatting?,25000,1101,1 month ago (publishDate 2026-07-10),
G1,Noxenn,Nw-kkyB8jdc,Why Did Ancient Humans Hunt Animals 10x Their Size?,3200,1399,1 month ago (publishDate 2026-07-10),
G1,Noxenn,jMKuuG9kqC0,Why Were Ancient Humans Breastfed for 7 Years?,416,1522,1 month ago (publishDate 2026-07-10),
G1,Noxenn,VvBW7MirbIk,Why Did Ancient Humans Sleep Twice?,578,1198,1 month ago (publishDate 2026-07-10),
G1,Noxenn,XL-UYw7sII4,Why Were All Ancient Humans Black?,96000,1269,1 month ago (publishDate 2026-07-10),
G1,Noxenn,WJXnxexfU4w,What Did Ancient Humans Do With No Privacy?,2900,667,1 month ago (publishDate 2026-07-10),
G1,Noxenn,XejHNm70qjE,What Did Ancient Humans Dream About?,264,689,1 month ago (publishDate 2026-07-10),schwach
G1,Noxenn,Cjpp_RHPBGQ,How Did Ancient Humans Go To The Bathroom?,656,712,2 months ago (publishDate 2026-06-10),
G1,Noxenn,Ml4Ydt6xnzE,What Did Ancient Humans Do When Food Ran Out?,989,647,2 months ago (publishDate 2026-06-10),
G1,Noxenn,0tj8mPQ2aQo,What Did Ancient Humans Do All Day Before Music Existed?,1300,713,2 months ago (publishDate 2026-06-10),
G1,Noxenn,saXudotKmgA,What's Hidden Under Antarctica?,712,629,2 months ago (publishDate 2026-06-10),
G1,Noxenn,lVxSXinJc2I,What If You Fell Into a Black Hole?,790,676,2 months ago (publishDate 2026-06-10),
G1,Noxenn,dh0Cwi-rxVw,How Did Ancient Humans Survive Without Talking?,11000,673,2 months ago (publishDate 2026-06-10),
G1,Prehistoria Hub,zP5Q53fX9c8,"Before There Was America, These Swamp Monsters Ruled the Land",4300,1774,2026-08-08,
G1,Prehistoria Hub,J4fad-T2DsA,The Biggest Predator That Ever Lived Wasn't T. Rex,8800,1422,2026-08-05,
G1,Prehistoria Hub,raX4UXlJ1AE,The Only Time in History Bugs Ruled the Earth (And It Was Terrifying),78000,2010,2026-08-03,
G1,Prehistoria Hub,zLH9N4Ed4vU,500 Million Years of Ocean Monsters — Ranked From First King to Last,70000,1920,2026-07-31,
G1,Prehistoria Hub,cHokzd9mJtY,Forget the Aliens. This Is How the Pyramids Were Really Built,92000,1924,2026-07-28,
G1,Prehistoria Hub,5vTgNsiSF5g,The Sahara Was Once the Deadliest Place on Earth,11000,1819,2026-07-27,
G1,Prehistoria Hub,uVCsU4oS2fg,The Untold Evolution of Dinosaurs: They Never Went Extinct,6000,1922,2026-07-27,
G1,Prehistoria Hub,o8qepCao3Ns,255 Million Years Ago: The Sea Was Safer Than the Land,5300,1850,2026-07-20,
G1,Prehistoria Hub,ezRLfb17zdY,When Earth Had ZERO Ice — What Lived Here Will Haunt You,249000,1989,2026-07-13,
G1,Prehistoria Hub,D4SGZUdHbUI,The Bloody Reality of Prehistoric Brazil: Where Even Herbivores Were Deadly,16000,2269,2026-07-10,
G1,Prehistoria Hub,LhIi49FuZag,The Greatest Heist in Prehistory: How Mammals Conquered the Planet,10000,1348,2026-07-10,
G1,Prehistoria Hub,f_NRUvNiGLQ,Earth's Nightmare Era: The Swamp World Where Giant Bugs Hunted!,4400,1486,2026-07-10,schwach
G1,Prehistoria Hub,6EvknKTKUys,How the WEAKEST Animal Survived Earth's DEADLIEST Era,8800,1662,2026-07-10,
G1,Prehistoria Hub,DVu3WnCjfTI,Before Dinosaurs: How Fishes Conquered the Earth 400 Million Years Ago!,35000,1997,2026-06-10,
G1,Prehistoria Hub,WmfBejXn97Q,"This ""Defenseless"" Dinosaur Humiliated Tyrannosaurs (Without Weapons)",9100,1985,2026-06-10,
G1,Prehistoria Hub,hOeO74yrCS0,Why the Dinosaurs Would Be Eaten ALIVE in the True Prehistoric World,10000,2414,2026-06-10,
G1,Prehistoria Hub,mB1wYgB4lzY,The Last 24 Hours of the Dinosaurs — Minute by Minute,502000,2075,2026-06-10,treffer
G1,Prehistoria Hub,lxKwYx0cTw8,"The Day Humanity Almost Went Extinct (Only 1,000 Survived)",51000,1942,2026-06-10,
G1,Prehistoric Archive,RoXdWtI-KhY,The Third Humanity: The Denisovans and the Bone That Rewrote Everything,187,2344,15 hours ago,
G1,Prehistoric Archive,4H4m3Be3zM8,The Neanderthals: Why They Were Never Primitive,223,2818,1 day ago,
G1,Prehistoric Archive,EB0dYpDIQac,"100,000 Years Ago: The Deadliest Time to Be Human | Inside the Land of the Neanderthals",2600,3291,2 days ago,
G1,Prehistoric Archive,UcTY73vAy_o,How Did Humans Survive the Extreme Winters of Prehistory?,406,1341,3 days ago,
G1,Prehistoric Archive,8HncUQWTrN0,The Woolly Rhinoceros: The Most Dangerous Giant of the Ice Age,217,3560,5 days ago,
G1,Prehistoric Archive,Qt2MQK4ug_s,The Hidden Truth About the 100-Year Winter That Nearly Ended Humanity,152,2006,6 days ago,
G1,Prehistoric Archive,pNnQmjzqDb8,Mammoths: Five Million Years of Dominance and a Silent End,524,3465,7 days ago,
G1,Prehistoric Archive,4kCcREyxhzE,How Humans Survived After the Ice Age: A New Wild World,4500,1861,8 days ago,
G1,Prehistoric Archive,eyMtD6ax_2Y,Our Ice Age Ancestors: How Did They Survive the Deadliest Cold in Human History?,453,2350,9 days ago,
G1,Prehistoric Archive,bbR4Hwb0bW0,The Ice Age That Nearly Wiped Out Humanity: How We Survived the 100-Year Winter,3500,1994,10 days ago,
G1,Prehistoric Archive,p-J9yLx38zc,The Animal That Chose Humans: Fifty Million Years of Canine History,7200,3768,11 days ago,
G1,Prehistoric Archive,LoLEPwjQH_M,What They Hid About the First Hominins: The Truth Before Fire,243,1792,12 days ago,
G1,Prehistoric Archive,zFxruu0e_ng,"The Ice Age: How Humans Survived the Cold 40,000 Years Ago | Sleep Documentary",4800,3941,13 days ago,
G1,Prehistoric Archive,UFHV1yMnoRA,What It Was Like to Live Among Giant Predators in Prehistory | Running Away Wasn't Always an Option,3900,2769,2 weeks ago,
G1,Prehistoric Archive,h3kJBwsYEa0,How Did Cavemen Survive the Last Ice Age?,1600,2826,2 weeks ago,
G1,Prehistoric Archive,tCQ7haa9OwM,How Cavemen Slept Better During the Ice Age's Freezing Winters,5800,2108,2 weeks ago,
G1,Prehistoric Archive,52lrKksfon8,"80,000 BC | How Did Neanderthals Survive the Harsh Winter?",4900,3156,2 weeks ago,
G1,Prehistoric Archive,BVLUIGFUNuc,"How Did Cavemen Survive the Harsh Winter 100,000 Years Ago?",3900,2765,2 weeks ago,
G1,Prehistoric Archive,MBOsWZ0zhtw,How Did Humans Build Snow Shelters During the Ice Age?,365,765,2 weeks ago,
G1,Prehistoric Archive,NnqNUq6M37w,Why Was the Night Watch Essential During the Ice Age?,870,773,2 weeks ago,
G1,Prehistoric Archive,Zrm6v8rr0xA,What It Was Like to Survive the Ice Age: Life During Earth's Most Extreme Era | Documentary,45000,4039,3 weeks ago,
G1,Prehistoric Archive,klI4W3baz74,After the Dinosaurs: The Beasts of the Ice Age | Complete Documentary,7000,3801,3 weeks ago,
G1,Prehistoric Archive,FFewk6KJjy8,When Humans Crossed an Ice-Covered Continent | The Crossing of the Bering Strait,628,1932,3 weeks ago,
G1,Prehistoric Archive,ekPYUgZE6OQ,Humans Were Never Supposed to Survive the Ice Age | Documentary,3800,1785,3 weeks ago,
G1,Prehistoric Archive,N--HIUYS104,ICE AGE | The Earth Where Only the Seemingly Impossible Survived | Documentary,394,1582,3 weeks ago,
G1,Prehistoric Archive,E_102EFot-A,Humans vs. Mammoths | The Most Brutal Clash of the Prehistoric World,1100,1636,3 weeks ago,
G1,Prehistoric Archive,b4_JfZ-bqOU,What Human Life Was Really Like During the Ice Age | The Frozen Hell | Full Documentary,405,1455,3 weeks ago,
G1,Prehistoric Archive,YNWZKDL54qM,The Hidden Reason Humans Conquered the Ice Age,262,1466,4 weeks ago,
G1,Prehistoric Archive,Yt_EN8IUDZk,The Incredible Story of a Neanderthal Surviving After Exile from His Clan,633,810,4 weeks ago,
G1,Prehistoric Archive,dxRq7vTKfPs,The Predators That Ruled the Ice Age | Full Documentary,777,2548,4 weeks ago,
G1,Prehistoric Archive,F_F5vwQQtAo,What It Was Like to Survive a Freezing Night in Prehistory | Every Minute Could Be Your Last,1700,1083,1 month ago,
G1,Prehistoric Archive,0KhWGDbDHiA,"How Did Neanderthals Sleep at -40°C 30,000 Years Ago Without Freezing?",667,959,1 month ago,
G1,Prehistoric Archive,LIJJlwcIPtI,What the World Was Like During the Ice Age | The Complete Ice Age | Documentary,750,2098,1 month ago,
G1,Prehistoric Archive,-uZq1pPzH9w,Neanderthal: The Ancient Human Who Was Just One Step Away from Becoming You,805,845,1 month ago,
G1,Prehistoric Archive,rlD1gZgyVEs,How the First Dog Was Born: The Brutal Truth of the Ice Age,2100,798,1 month ago,
G1,Prehistoric Archive,sxJZ7F0-Tcc,What Happened When Wolves and Humans Shared the Same Cave During Stormy Nights?,782,942,1 month ago,
G1,Prehistoric Archive,HrqwBiBDKxg,How Did Humans Survive Encounters with Mammoths During the Ice Age?,311,679,1 month ago,
G1,Prehistoric Archive,n1b4TikZ3is,Why Did Cave Lions Attack Why Did Cave Lions Attack Men but Never Touch Women?,203,1000,1 month ago,
G1,Prehistoric Archive,aCkhAx4C9yE,How Did Humans Catch Fish at -60°C During the Ice Age?,1100,644,1 month ago,
G1,Prehistoric Archive,V8Aevuqn_Fw,How Did People Start Fires Without Matches During the Ice Age?,1200,647,1 month ago,
G1,Prehistoric Archive,g-w9uAqnQ4o,How Did Animals Survive Without Freezing During the Ice Age?,194,678,1 month ago,
G1,Prehistoric Archive,Gh7aa2PZTsg,Why Did Ice Age Humans Prefer to Live in Areas Where There Were More Wolves?,2400,970,1 month ago,
G1,Prehistoric Archive,78XHdiKtUlg,Why Did People Scatter Ash at the Entrances of Caves During the Ice Age?,11000,915,1 month ago,
G1,Prehistoric Archive,DBb1KV0SD9A,Sleeping During the Ice Age Was Deadly… What Nights Were Like During the Ice Age at -50°C,1700,1429,1 month ago,
G1,Prehistoric Archive,sfWbubk76Ds,Cavemen vs. the Ice Age: How Did We Survive the Deadliest Cold in History?,3000,1747,1 month ago,
G1,Prehistoric Archive,Cbz9rHdtXBs,"How did people survive the long, dark nights of the Ice Age?",6700,697,1 month ago,
G1,Prehistoric Archive,DuIndB4sTWU,How did humans survive encounters with polar bears during the Ice Age?,427,734,1 month ago,
G1,Prehistoric Archive,UItMIMNFng0,Why did people use ashes to drink water during the Ice Age?,1400,734,1 month ago,
G1,Prehistoric Archive,gcOHuOhEIRE,How Did People Discover Caves During the Ice Age?,2100,761,1 month ago,
G1,Prehistoric Archive,LNIBltW97ts,Why Were Stones Placed Around Shelters? | Surviving the Ice Age,1800,753,1 month ago,
G1,Prehistoric Archive,wJm36JWJJZI,How could they sleep soundly knowing that a pack of wolves was lurking in the darkness?,19000,918,1 month ago,
G1,Prehistoric Archive,rMzq5JzhjM0,How did these people sleep without freezing during the Ice Age?,462,861,1 month ago,
G1,Prehistoric Archive,_XaBHYTQqxQ,The Lost World of South America: Evolution in Isolation | Prehistoric America,738,1676,1 month ago,
G1,Prehistoric Archive,1WcT6Qdv0Dc,Homo Habilis: When the Odds Were Completely Against Humanity,128,1313,1 month ago,
G1,Prehistoric Archive,1qoRo2iruoM,Earth Was a Harsh Place After the Dinosaurs: What Was the World Like During the Cenozoic Era?,960,987,1 month ago,
G1,Prehistoric Archive,_hVODT05ajA,Nothing About This Predator Was Normal… Here's Why Tyrannosaurus Rex Ruled the Earth,123,731,1 month ago,
G1,Prehistoric Archive,vv0YvSzLCho,From the First Primates to Today: The Complete History of Human Evolution,2800,1877,1 month ago,
G1,Prehistoric Archive,4yFF4agPUqU,What Was Living in a Cave During the Ice Age Really Like? | Documentary,103000,2125,1 month ago,treffer
G1,Prehistoric Archive,X1pS6IC1Nxc,The Deadliest Era on Earth: The Ice Age | Documentary,10000,1494,1 month ago,
G1,Prehistoric Archive,srv6ccuVBik,The Prehistoric Predator That Hunted Humans: Terror Birds,114,1211,1 month ago,schwach
G1,Prehistoric Archive,BVXKrKnrmBc,Humans Shouldn't Have Survived the Ice Age | Documentary,469,1771,2 months ago,
G1,Prehistoric Archive,liDjT1ozog4,The First Human: The Real Origin of Our History | Documentary,1400,1712,2 months ago,
G1,Prehistoric Archive,v09ZVyVgmcs,Ice Age Monsters: How Mammoths Ruled a Frozen World,1600,1068,2 months ago,
G1,Prehistoric Archive,p88L58vhAs0,This Prehistoric Predator Hunted Humans in the Ice Age | The Cave Lion,5700,1864,2 months ago,
G1,Prehistoric Archive,FAsnID3X-_M,How Humans Survived Extreme Cold  Ice Age  Documentary,13000,1309,2 months ago,
G2,First Humans,0X6MxjN2YC4,The Dyatlov Pass Mystery Solved - With Proof,289000,965,3 days ago (2026-08-07),
G2,First Humans,c815MrTJO5I,Scientists Finally Solved The Type O Blood Mystery — America's Hidden Bloodline,10000,515,2 weeks ago (2026-07-27),
G2,First Humans,CA7xOTBDL3s,"The Ramesses Mystery Solved - After 3,000 Years",61000,481,2 weeks ago (2026-07-27),
G2,First Humans,7k_awsfDYss,AI Just Solved the Alcatraz Escape After 64 Years — With Proof,937000,576,2 weeks ago (2026-07-27),
G2,First Humans,HkHusM-KtI8,The Baltic Sea Anomaly Mystery Solved - With Proof,243000,524,3 weeks ago (2026-07-20),
G2,First Humans,XHyWDzBCQi8,"Scientists Opened a Cave Sealed for 40,000 Years — What Was Inside Rewrites History",53000,483,3 weeks ago (2026-07-20),
G2,First Humans,xhLpoONXVHc,Scientists Finally Solved The Napoleon Mummification Mystery,3300,523,4 weeks ago (2026-07-13),
G2,First Humans,cUjzWq9UPBk,Scientists Finally Reveal What Tesla Built Beneath Wardenclyffe Tower,10000,481,1 month ago (2026-07-10),
G2,First Humans,QKPc4xoZHiU,Scientists Scanned The Nefertiti Bust — And Exposed a Secret,150000,587,1 month ago (2026-07-10),
G2,First Humans,AbQK3MJsgHU,Scientists Finally Uncovered What the Terracotta Army Was Built To Hide — But Refuse to Open It,47000,522,1 month ago (2026-07-10),
G2,First Humans,JAgzCITzc-E,New Study Cracks the Stonehenge Mystery and Reveals Hidden Order,20000,500,1 month ago (2026-07-10),
G2,First Humans,JHQv1S14FqE,Tracing the Genetic Heritage of the Netherlands,3500,520,1 month ago (2026-07-10),
G2,First Humans,REV_9oqbvOU,The DNA of the Most Isolated Tribe on Earth is Rewriting Human History,82000,597,1 month ago (2026-07-10),
G2,First Humans,AcK4fkPgLZc,AI Finally Decoded the Antikythera Computer’s Missing Half — This Shouldn't Exist,28000,551,2 months ago (2026-06-10),
G2,First Humans,mFqnZ1kuNsU,Baalbek Megalithic Structure Mystery Finally Solved — No Human Could Ever Build,99000,516,2 months ago (2026-06-10),
G2,First Humans,hPzWq3RnOxU,"After 55 Years, D.B. Cooper’s True Identity Finally Comes Down to 2 Men",14000,572,2 months ago (2026-06-10),
G2,First Humans,bzs_An0jtZU,DNA Reveals a Hidden Truth About Abraham Lincoln's Mother's Ancestry,71000,530,2 months ago (2026-06-10),
G2,First Humans,zvTHV3AQXow,"7,000-Year-Old DNA Reveals Shocking Truth That Rewrites Human History",2400,558,2 months ago (2026-06-10),
G2,First Humans,ko8n-mihUPI,The Hidden Truth Behind the 1518 Dancing Plague,4700,570,3 months ago (2026-05-10),
G2,First Humans,cUc3uz9RmCA,Scientists Finally Solved The Roanoke Colony Mystery - After 400 Years,2300000,528,3 months ago (2026-05-10),treffer
G2,First Humans,0gpv3iPpUqU,Researchers Uncovered the Hidden Fate of Rome's 9th Legion,311000,542,3 months ago (2026-05-10),
G2,First Humans,TQNFWJpvr0I,Ancient Egyptian Granite Cutting Mystery Finally Solved - With Proof,233000,520,4 months ago (2026-04-10),
G2,First Humans,mI4YJqfDQ_E,Scientists Scanned The Shroud of Turin — And Found Something They Couldn't Explain,11000,510,4 months ago (2026-04-10),
G2,First Humans,qsnmKUfTPm4,King Richard III's DNA Reveals a Shocking Truth That Rewrites 500 Years of History,754000,525,4 months ago (2026-04-10),
G2,First Humans,5jZZPy85kuw,Modern DNA Analysis Unmasked the Real Jack the Ripper,57000,542,4 months ago (2026-04-10),
G2,First Humans,qu-ney-p9vs,What DNA Revealed About The Melungeons Changes Everything We Know About American History,86000,556,4 months ago (2026-04-10),
G2,First Humans,H7C6yb-JugE,Scientists Finally Solve the Mystery of the Mummy Found in a California Garage,16000,543,4 months ago (2026-04-10),
G2,First Humans,bKbaTBMZmkY,"130,000-Year-Old Mastodon Bone Mystery Reveals Who the REAL First Americans Were",50000,487,5 months ago (2026-03-10),
G2,First Humans,tTKXqpeo258,Scientists Opened This Ancient Chinese Tomb and Were SHOCKED,2500,530,5 months ago (2026-03-10),
G2,First Humans,L0-1hy4KQUg,New Evidence Reveals The Shocking Truth About Skeleton E26,47000,508,5 months ago (2026-03-10),
G2,First Humans,OOxICBG4EpE,New Discovery Reveals a Hidden Order at Göbekli Tepe.,12000,500,5 months ago (2026-03-10),
G2,First Humans,F9MDapReuoI,Modern Science Finally Reveals What Happened at Dyatlov Pass,366000,484,6 months ago (2026-02-10),
G2,First Humans,JVS4ymOwL-A,Ancient DNA Finally Solves The Frozen Children Mystery And Exposes A Dark Secret,194000,489,6 months ago (2026-02-10),
G2,First Humans,Yzt9_QywE9s,Ancient DNA Reveals Tutankhamun’s Shocking Family Secret,388000,483,6 months ago (2026-02-10),
G2,First Humans,-e-kFMFjnUo,"50,000 Year Old DNA Discovery Reveals the REAL Origin Of Neanderthals",4100,531,6 months ago (2026-02-10),
G2,First Humans,lmOukQBHvOw,Ancient DNA Reveals the Real Story of Cat Domestication,7600,484,7 months ago (2026-01-10),
G2,First Humans,p06VEojKkLM,Ancient DNA Reveals the Two Origins of Humanity,55000,485,8 months ago (2025-12-10),
G2,First Humans,-kkNhg-MvRk,Ancient DNA Reveals the REAL Origin of Scotland’s PICTS,146000,493,8 months ago (2025-12-10),
G2,First Humans,hinF0brxkdw,Ancient DNA Reveals the Real Origins of Scottish People,2000,494,8 months ago (2025-12-10),
G2,First Humans,zjffhyM-HBQ,Ancient DNA Reveals the Hidden Links Between Eye Color and Ancestry,20000,501,9 months ago (2025-11-10),
G2,First Humans,wzLQGCBXVMM,Ancient Human Species We Once Shared the Earth With,1300,616,9 months ago (2025-11-10),schwach
G2,First Humans,QTb_f0aAccY,Ancient DNA Reveals the Extinction Bottleneck,4000,523,9 months ago (2025-11-10),
G2,First Humans,KnPNxDtI2WA,Ancient DNA Reveals the REAL Origin of Europeans,32000,488,9 months ago (2025-11-10),
G2,First Humans,6hWTuuvjNbM,Ancient DNA Finally Reveals the REAL Origin of the Vikings,4100,486,10 months ago (2025-10-10),
G2,First Humans,JJVR8L0-HZY,Ancient DNA Reveals the REAL Origin of the Black Irish,81000,486,10 months ago (2025-10-10),
G2,First Humans,ol-9-waanos,Ancient DNA Reveals the Truth about Neanderthals,4300,589,10 months ago (2025-10-10),
G2,First Humans,e3Sw49IpLPM,Ancient DNA Finally Reveals Why Neanderthals Went Extinct,85000,537,11 months ago (2025-09-10),
G2,First Humans,JA55OORHeFc,Ancient DNA Reveals Our Neanderthal Legacy,2100,489,11 months ago (2025-09-10),
G2,First Humans,9T8ad-4_QTI,Ancient DNA Reveals Who the Aztecs Really Were — And How They Collapsed,2700,484,11 months ago (2025-09-10),
G2,First Humans,LB9mwofGnDU,Ancient DNA Finally Reveals the REAL Origin of the Neanderthals,276000,510,11 months ago (2025-09-10),
G2,Folks of Yore,vDgSmKfTrO8,Why Life in Ancient Rome Puts Ours to Shame,7400,1343,2 weeks ago (publishDate 2026-07-27),
G2,Folks of Yore,XHE2P7BCekk,Why Modern Work Feels Meaningless: The Hidden History of Work and Burnout,3700,804,1 month ago (publishDate 2026-07-10),
G2,Folks of Yore,SxTXdOLK-iI,The Death of Honor: The Warrior Code We Left Behind,4400,1256,1 month ago (publishDate 2026-07-10),
G2,Folks of Yore,iuu6sPr6vfo,Why Friendship Today Looks Nothing Like It Did for the Ancients,263000,1233,2 months ago (publishDate 2026-06-10),
G2,Folks of Yore,HcMOUgXIACU,"Looksmaxxing, Clavicular, and the Death of Meaning",8500,1360,3 months ago (publishDate 2026-05-10),
G2,Folks of Yore,DMk3QOq0lQ0,You Were Never Supposed To Know This Much About The World,6300,1086,3 months ago (publishDate 2026-05-10),
G2,Folks of Yore,tm-aABTUOkA,"Your Doomscrolling Was Diagnosed 1,700 Years Ago",8400,1397,3 months ago (publishDate 2026-05-10),
G2,Folks of Yore,DMSXG8ID3zs,What Ancient Romans Understood About FAILURE That We've Forgotten,12000,1383,4 months ago (publishDate 2026-04-10),
G2,Folks of Yore,x2OwN6gfrf0,The Ancient Greeks Wouldn't Recognize What We Call Love,73000,1814,4 months ago (publishDate 2026-04-10),
G2,Folks of Yore,AnOUfYuScuA,Why You Wake Up at 3 AM Every Night | History of The Watch,8300,1691,5 months ago (publishDate 2026-03-10),
G2,Folks of Yore,fmUNJcq02pg,Why Ancients Treasured Sadness and Modernity Forbids It,101000,1468,5 months ago (publishDate 2026-03-10),
G2,Folks of Yore,1sGDIeldr-s,"Your ""Busy"" Life Would Disgust an Ancient Roman",657000,808,6 months ago (publishDate 2026-02-10),treffer
G2,Folks of Yore,mC3j6VioY2U,Göbekli Tepe Proves Everything Wrong About the Agricultural Revolution,2300,1576,9 months ago (publishDate 2025-11-10),
G2,Folks of Yore,lD0zImgeHsU,The Psychology of a Medieval Peasant,7300,905,11 months ago (publishDate 2025-09-10),
G2,Folks of Yore,3DxKKLRma9Q,The Hidden History of Folk Magic in the Middle Ages,2300,604,1 year ago (publishDate 2025-08-10),
G2,Folks of Yore,EeEeLID9mis,What It Was Actually Like to Live in a Medieval Castle,1800,916,1 year ago (publishDate 2025-08-10),
G2,Folks of Yore,IrjdyFFI4xc,The Brutal Life of Medieval Squires,3500,690,1 year ago (publishDate 2025-08-10),
G2,Folks of Yore,DXMFGCyVlXc,The Secret Daily Life of a Medieval Alchemist,4000,1425,1 year ago (publishDate 2025-08-10),
G2,Folks of Yore,xQ51oueGqEE,The SHOCKING Truth About Crime and Punishment in  Renaissance Florence,1300,1196,1 year ago (publishDate 2025-08-10),
G2,Folks of Yore,N1fHlTBG5wg,The Strangest Inventions of the Renaissance Era,1600,1683,1 year ago (publishDate 2025-08-10),
G2,Folks of Yore,UBOf1BXz9cE,What It Was Actually Like to Be a Renaissance Barber-Surgeon,1200,1144,1 year ago (publishDate 2025-08-10),schwach
G2,Historically,uuXVRRPaGfc,Meet WW2's Villains,1000000,1137,1 month ago,
G2,Historically,w5mhZs73Qwc,The CHAOTIC First World War,1200000,1871,1 month ago,
G2,Historically,EHLI2WZUtXs,The ENTIRE History of ROME,6100000,2310,3 months ago,treffer
G2,Historically,FSCcvXi0PvY,The Longest War EVER,2000000,1448,4 months ago,
G2,Historically,qc4p6ko-tpA,Fact-Checking Hitler,1800000,1400,6 months ago,
G2,Historically,apnosqvA57g,The God of Horror,1200000,1179,7 months ago,
G2,Historically,mtdqhaX44YQ,That Time PIRATES started a COUNTRY...,1900000,1067,9 months ago,
G2,Historically,F0_d1xjk2to,This Country Disappeared 8 TIMES....,2900000,1266,11 months ago,
G2,Historically,GZ1-BtL6j14,Sieging Castles SUCKS actually...,1800000,920,1 year ago,
G2,Historically,ZoyhgaNw4eM,The Dumbest Heist in History,792000,702,1 year ago,schwach
G2,Historically,wK9XgMvTfHg,The Jesus Problem,3500000,952,1 year ago,
G2,Historically,xv-xHG7pJzw,WW2's BEST Soldiers...,5100000,4476,1 year ago,
G2,Historically,wgsMw3wU5hE,How a Refugee became a Prince,1100000,1101,1 year ago,
G2,Historically,nKRTWlQO9ms,My Favorite Piece of Arabic History,2100000,897,2 years ago,
G2,Historically,FFxf_IsYm4Y,The Philosopher Everyone Hates...,3600000,1299,2 years ago,
G2,Historically,_pKIPqrTh9s,What happened to the Ancient World Wonders?,4000000,1709,2 years ago,
G2,Historically,-yi8kl8LWtg,The Shortest War EVER,3000000,686,2 years ago,
G2,Historically,zQP37B7QCeE,HEISENBERG: The Dumber Oppenheimer,1100000,448,2 years ago,
G2,Historically,8xBwIrr8qSw,A Thirty Years War and a Drunky Boy,1700000,826,3 years ago,
G2,Historically,nORI8r5Mgts,The Rise and Fall of Wu Zetian,1800000,616,3 years ago,
G2,Historically,CzkJJqo6GgY,The most Hateful Man that ever Lived,637000,181,3 years ago,
G2,History Mapped Out,sKl7YhJ7xyA,The Jagiellons: How Poland and Lithuania Built Europe's Largest State,34000,1790,7 days ago,
G2,History Mapped Out,OTb8WECONfY,The Arab Conquest of Persia: The Fall of a Superpower,18000,1411,2 weeks ago,
G2,History Mapped Out,YHiulck0uTo,Clontarf: The Battle Ireland Won and Lost Its King,15000,1928,3 weeks ago,
G2,History Mapped Out,_PliM4WJNkE,The Huns: How They Built Antiquity's Deadliest Power,20000,1313,1 month ago,
G2,History Mapped Out,lyIf5pN2x6s,Scotland: How a Medieval Nation Withstood an Empire,95000,1684,1 month ago,
G2,History Mapped Out,TqgNhUzH_iY,Vandals: The People Who Took the Sea From Rome,33000,1371,1 month ago,
G2,History Mapped Out,jSO0dVvzt7g,The Fourth Crusade: The Holy War That Destroyed Christendom,35000,2243,1 month ago,
G2,History Mapped Out,ki32yn8R9t8,Why Justinian’s Greatest Triumph Was a Disaster,62000,1462,2 months ago,
G2,History Mapped Out,lKHT8fILNUY,Crusade in the Heart of Europe: The Destruction of the Cathars,31000,1671,2 months ago,
G2,History Mapped Out,EbCUAOtDqMA,Castile: The Kingdom That Shattered Muslim Spain,368000,1511,2 months ago,
G2,History Mapped Out,PJaALSPskjg,Why the Vikings Disappeared from Greenland,13000,2046,3 months ago,
G2,History Mapped Out,LqyFCgnNYnI,500 Men vs 5 Million: How the Aztec Empire Actually Fell,32000,1539,3 months ago,
G2,History Mapped Out,Phg-OugS1F8,Medieval Europe: Every Kingdom's Rise and Fall,124000,1504,3 months ago,
G2,History Mapped Out,n4Ixc7-kEqY,Goths vs the Roman Empire: The War That Changed Europe,36000,1510,3 months ago,
G2,History Mapped Out,6zpshs2l8n8,Austria-Hungary: The Empire Doomed to Collapse,59000,1314,4 months ago,
G2,History Mapped Out,xflV43nYACk,The Battle of Poitiers: The Clash Between the Franks and the Muslim World,152000,1847,4 months ago,
G2,History Mapped Out,ONd0CulwBgc,How the Ottoman Empire Changed Europe and the Middle East,80000,1540,4 months ago,
G2,History Mapped Out,URp_H7dJCD8,Pyrrhus vs Rome: The Pyrrhic War That Changed Italy,129000,2301,4 months ago,
G2,History Mapped Out,dZ7OmiGFBMc,The Rise and Fall of Ottoman Power in the Balkans,235000,1614,4 months ago,
G2,History Mapped Out,BCplOOLJy34,The German Empire: From Prussia to a European Power,34000,1284,5 months ago,
G2,History Mapped Out,RjMRnyGzMn0,The Norman Invasion that Rewrote Mediterranean History,132000,1599,5 months ago,
G2,History Mapped Out,jnB_92dfwG0,History of Prussia: How Wars Made It a Great Power,37000,1540,5 months ago,
G2,History Mapped Out,C8hvGP-hD9g,European States and the Adoption of Christianity in Medieval Europe,35000,1869,6 months ago,
G2,History Mapped Out,ZzePaQN-fsw,History of Christianity on the World Map,49000,1753,6 months ago,
G2,History Mapped Out,Mf7jckhIPfQ,Paths of Indo-European Language Expansion,46000,1619,6 months ago,
G2,History Mapped Out,MoBo4sQDxxU,How the Holy Roman Empire Lost Central Authority,59000,1298,6 months ago,
G2,History Mapped Out,PtZunmUyaDE,How Debt Destroyed the Danish Kingdom,155000,1769,7 months ago,
G2,History Mapped Out,BQXHP-HbEOc,Europe on the Eve of World War I,35000,1565,7 months ago,
G2,History Mapped Out,YJLdVXKY7kA,The Slavs: A Migration That Shaped Europe,366000,1299,7 months ago,
G2,History Mapped Out,QiT0njL-vqs,The Birth of the Hungarian Kingdom: From Pagans to the Shield of Europe,55000,1581,7 months ago,
G2,History Mapped Out,doyD2Fxe28A,The Rise of Rus: From Slavic Tribes to a Mighty State,41000,1754,8 months ago,
G2,History Mapped Out,t-SkUfBmxro,Dutch Independence: War Against the Spanish Empire,461000,1918,8 months ago,
G2,History Mapped Out,oBukQLP2sJw,The Rise of the Holy Roman Empire: A Historical Overview,50000,1435,8 months ago,
G2,History Mapped Out,LLBjhsgfmsM,Merchant Empire of the Hanseatic League: The Story of the Largest Medieval Trade Network,81000,1263,8 months ago,
G2,History Mapped Out,rrz5OqbZtzg,History of Medieval Sweden: From Tribes to Kingdom,142000,1326,8 months ago,
G2,History Mapped Out,XT7NNnSPAY0,The Great Silk Road: A History That Changed the World,37000,1189,9 months ago,
G2,History Mapped Out,pxZxcbcH_zc,The Rise of Switzerland: A History of Struggle and Strength,99000,1680,9 months ago,
G2,History Mapped Out,H8piBGdNltc,History of Norway: The Era of Civil Wars,77000,1303,9 months ago,
G2,History Mapped Out,HgiQTEawFjY,The Formation of the Holy Roman Empire,235000,1550,10 months ago,
G2,History Mapped Out,AU0R0QXhMgc,A Century of War: Commonwealth and Sweden on the Baltic Sea,72000,1739,10 months ago,
G2,History Mapped Out,4hl-WlrdU54,History of Islam: Rise and Expansion,273000,1848,10 months ago,
G2,History Mapped Out,qQVjjDb__qs,The End of the Reconquista and the Unification of Spain,75000,1370,10 months ago,
G2,History Mapped Out,7Yv5kETDlrA,The Third Crusade: Battles for the Holy Land,253000,1745,11 months ago,
G2,History Mapped Out,-bYn-rR2cDA,The Reformation in France: A War of Faith That Changed a Nation,65000,1322,11 months ago,
G2,History Mapped Out,bs8doPmuYFo,History and Origins of Hungary,266000,1260,11 months ago,
G2,History Mapped Out,PLM7VS2A2RA,History of the Ottoman Empire: The Conquest of Europe,252000,1335,11 months ago,
G2,History Mapped Out,u0WvnqpArkU,Germany in Flames: The Radical Wars of the Reformation,53000,1340,1 year ago,
G2,History Mapped Out,McchqEyufYE,History of the Scandinavian Kingdoms,852000,1920,1 year ago,
G2,History Mapped Out,N08OyMXmNo0,Northern Crusades: Europe’s War on Pagans,149000,1235,1 year ago,
G2,History Mapped Out,Um1x5Z0fFn8,The Hussite Wars: How Faith Changed Bohemia and Europe,95000,1794,1 year ago,
G2,History Mapped Out,l-ohuZUcSUQ,Polish Invasion of Russia: The Time of Troubles Explained,102000,1402,1 year ago,
G2,History Mapped Out,NZjD_WrQAPs,Unification of Germany: How Prussia Reshaped Europe,700000,1334,1 year ago,
G2,History Mapped Out,4q3i33EFH4g,"The Plantagenet Dynasty: Kings of England, Lords of France",174000,1806,1 year ago,
G2,History Mapped Out,jw5WWe_bbYU,History of the Nomads: From the Cimmerians to the Sarmatians,75000,1689,1 year ago,
G2,History Mapped Out,RwkmrGdLwTk,History of Ireland: From Celts to English Rule,219000,1759,1 year ago,
G2,History Mapped Out,EggCo2cNcLc,History of France: How Medieval France Was Formed,215000,1346,1 year ago,
G2,History Mapped Out,mQeefC2E8uw,The Tudor Epoch: A Dynasty’s History on England’s Throne,57000,1738,1 year ago,
G2,History Mapped Out,WTpS0ktrI5s,Road to Empire: Alexander the Great - The Beginning of the Conquests,53000,1539,1 year ago,
G2,History Mapped Out,RWpt1SuHpYk,History of England: The Normans and the Struggle for the Crown,273000,1835,1 year ago,
G2,History Mapped Out,_cglXYNDj3s,History of the Risorgimento: Italy’s Unification,169000,1424,1 year ago,
G2,History Mapped Out,HPQ5BtFsPZM,Why Prussia Made Europe So Dangerous,983000,1649,1 year ago,
G2,History Mapped Out,yzqt75QTsc8,Great Power Objectives in the Seven Years' War,76000,1613,1 year ago,
G2,History Mapped Out,N1MG4lBI6ok,"History of Poland: Slavs, Legendary Kings, and the Rise of a Nation",197000,1250,1 year ago,
G2,History Mapped Out,Z7mC5wEIJjQ,The Second Crusade: The Crusader States That Destroyed Themselves,440000,1623,1 year ago,
G2,History Mapped Out,bqbgQvlKSeA,History of Germanic People: Those Who Were Feared By Rome,386000,1787,1 year ago,
G2,History Mapped Out,6DCLvz8579Q,War of the Spanish Succession: The Decline of the Spanish Empire,270000,1378,1 year ago,
G2,History Mapped Out,JDouwB6EMpI,The Great Turkish War: The Holy League Against the Ottomans,542000,1318,1 year ago,
G2,History Mapped Out,sISMEcpO2y0,The English Civil War: The Conflict That Overthrew the Monarchy,113000,1552,1 year ago,
G2,History Mapped Out,dGPtddlOZuo,The Italian Wars: Causes and Results of the Largest Conflict of the 16th Century,267000,1721,1 year ago,
G2,History Mapped Out,ZyuldBCTQQw,War of the Austrian Succession: The Habsburg Succession Crisis,122000,886,1 year ago,
G2,History Mapped Out,17WbTF5fuL4,Anglo-Spanish War: How the English Defeated the Spanish Armada,98000,976,1 year ago,
G2,History Mapped Out,36dpuAm3tUY,Thirty Years' War: A War for Religious Dominance in Europe,328000,1618,1 year ago,
G2,History Mapped Out,Xq8wUZUUT5k,History of the Celts: The Civilization That Gave Birth to Europe,589000,1535,1 year ago,
G2,History Mapped Out,2OVrddCnihc,Wars of the Roses: The Yorks vs. The Lancasters,532000,1539,1 year ago,
G2,History Mapped Out,cMp3UCK2uwk,The Reconquista: The Victory of Christianity and the Unification of Spain,1800000,1309,1 year ago,treffer
G2,History Mapped Out,EKxNtJ3UY8Y,The First Crusade: How The Holy War Started,660000,1297,1 year ago,
G2,History Mapped Out,iGlbRkXg5k8,The Origins of Papacy and the Road to Power,237000,1368,1 year ago,
G2,History Mapped Out,ofuBKf-3Lgc,The Creation Of The Polish–Lithuanian Commonwealth,265000,1360,1 year ago,
G2,History Mapped Out,sQpDCvDEgEk,European Empires in Conflict: The History of the Crimean War,223000,902,1 year ago,
G2,History Mapped Out,qwuJiXkl76g,Greco-Persian Wars: The Rebellion that Lit Up Independence,126000,984,1 year ago,
G2,History Mapped Out,_hAaEqIs3Cs,Muslim Invasions of Christian Europe,245000,1339,1 year ago,
G2,History Mapped Out,xhDaXtA0AHk,How China Became a Superpower: The Path to Success,25000,904,1 year ago,
G2,History Mapped Out,wGcCGaXb86s,The History of England: The Viking Invasion,1100000,1314,1 year ago,
G2,History Mapped Out,B6cJ7oxzObU,The Beginning of the Wars with the Native Americans,102000,1355,1 year ago,
G2,History Mapped Out,lqH8bqObMqE,The Seven Years' War: The First Global War,1200000,1716,1 year ago,
G2,History Mapped Out,Hahox99jRas,The Holy Roman Empire: The Rise of Medieval Europe,518000,1071,2 years ago,
G2,History Mapped Out,VO0ylL3JRKk,Hundred Years' War: England vs. France,546000,1323,2 years ago,
G2,History Mapped Out,CzJwPNqVHGA,History of Russia: The Bloody Rise of The Grand Duchy of Moscow,173000,1203,2 years ago,
G2,History Mapped Out,e3xOByQ_Nc0,Napoleon Bonaparte: The fall of the Empire,92000,1203,2 years ago,
G2,History Mapped Out,dmImyBXul7c,The History of England: The Anglo-Saxon Invasion of Britain,1400000,1453,2 years ago,
G2,History Mapped Out,CtBaC971eUw,The Shocking Rise and Fall of the Byzantine Empire,225000,1494,2 years ago,
G2,History Mapped Out,8vSCqw2n1Es,"The Complete History of Chivalry: Feudals, Tournaments, Money",32000,1211,2 years ago,
G2,History Mapped Out,CGSfk_K64OU,History of the Habsburgs: The Powerful Rulers of Europe,300000,1325,2 years ago,
G2,History Mapped Out,YlTR4XclPjM,The Franks: the Birth of Modern Europe,790000,1197,2 years ago,
G2,History Mapped Out,TAh1447GNcY,The Mongol Empire: Nomads That Conquered Half of the World,136000,1298,2 years ago,
G2,History Mapped Out,9oWqnF5vubs,The History of the USA: American Revolution and War for Independence,104000,1015,2 years ago,
G2,History Mapped Out,bu95XURh-L8,How Russia Became So Big: The Conquest of Far East,162000,1066,2 years ago,
G2,History Mapped Out,t7vcrjT6_ZQ,Battle of Stalingrad: The Turning Point of World War II,35000,958,2 years ago,
G2,History Mapped Out,u-vzm7GsteI,The Punic Wars: Rise and Fall of Carthage,152000,924,2 years ago,
G2,History Mapped Out,kLKNoUKa-iI,The World War 2: The Fall of France,57000,980,2 years ago,
G2,History Mapped Out,5q7JMuH46vI,From World War I to World War II: A Restless Break,323000,1097,2 years ago,
G2,History Mapped Out,IeJ6Ap6Jg48,The Migration Period: How Europe Was Born,1500000,1083,2 years ago,
G2,History Mapped Out,9enUkOouhyw,Third Reich VS Poland: Invading and Dividing,8400,804,2 years ago,
G2,History Mapped Out,edHQtWzpBNI,History of Alexander the Great: Conquering the World,25000,524,2 years ago,
G2,History Mapped Out,qopm2tGvxoQ,"The Dutch Colonial Empire: Small Metropole, Big Ambitions",273000,735,2 years ago,
G2,History Mapped Out,_UnsIckunrY,India–Pakistan War: A Protracted Conflict,6900,915,2 years ago,
G2,History Mapped Out,XziYw8H9HMc,The Full History of Piracy (Part 2),7300,941,2 years ago,
G2,History Mapped Out,DTTJmSyJw60,Great Britain vs China : History Opium Wars,18000,887,2 years ago,
G2,History Mapped Out,4Rgf3MUlCt0,The Full History of Piracy (Part 1),7800,871,2 years ago,
G2,History Mapped Out,_HPcfcuLtJc,The Normandy landing: Turning point of World War II,12000,869,2 years ago,
G2,History Mapped Out,n9MpbvETa4M,Napoleon Bonaparte: Victory After Victory,31000,604,2 years ago,
G2,History Mapped Out,vXhddRpnirM,Age of Discovery: The path to the East that led to the West (Part 2),35000,941,2 years ago,
G2,History Mapped Out,ygXLn0qfBZU,The History of Scotland: First War of Scottish Independence,21000,702,2 years ago,
G2,History Mapped Out,vTxCL-0CZnU,"Breakup of Yugoslavia: bloody wars, NATO intervention",10000,790,2 years ago,
G2,History Mapped Out,wz9E6WIyI6w,Japan in World War II: A Small Empire with Big Ambitions,14000,1134,2 years ago,
G2,History Mapped Out,i6N2VyBI_nw,From Suleiman to Ataturk: The History of the Ottoman Empire,39000,829,2 years ago,
G2,History Mapped Out,OJc2D6Y5PS4,Age of Discovery: Exploring the New World (Part 1),185000,932,2 years ago,
G2,History Mapped Out,Cj-OMuGYT4w,Cold War: When the World Split in Half,6600,1158,2 years ago,
G2,History Mapped Out,mmdLO1rykGQ,Frontier to Frontier: Unstoppable Expansion of the United States,32000,757,2 years ago,
G2,History Mapped Out,BU3X7bqmB-A,The United States at World War 2: the most powerful Allie,7000,985,2 years ago,
G2,History Mapped Out,Z5TdEzxhx_U,The Roman Empire: power and discipline,33000,604,2 years ago,
G2,History Mapped Out,oeakw_nEAk8,Great Northern War: The ambitions of Peter the Great and the establishment of the Russian empire,124000,826,3 years ago,
G2,History Mapped Out,LI3a-pgAATQ,History of the Sumerians and the Fall of the Akkadian Empire,114000,679,3 years ago,
G2,History Mapped Out,Vm2o_KrcZ8o,History of the USA: Military Campaigns and Global Influence (Part 2),6500,821,3 years ago,
G2,History Mapped Out,BKwWEpYSSXo,History of the USA: Military Campaigns and Global Influence (Part 1),8400,706,3 years ago,
G2,History Mapped Out,f9IYWjf76d4,Money Through Time: From Antiquity to the Present,5400,782,3 years ago,schwach
G2,History Mapped Out,-TYPJJtfrY8,"Africa’s Poverty: History, Resources, Wars & Demographic Boom",10000,738,3 years ago,
G2,History Mapped Out,c_Fuv203fqY,History of Ukraine: The Ukrainian Path to Independence,9900,801,3 years ago,
G2,History Mapped Out,Dox0b_7MnJY,The Vietnam War: Conflict and Its Consequences,12000,776,3 years ago,
G2,History Mapped Out,RRA_2b-E0Ac,Biggest Empires: Powerful States Throughout History,364000,1135,3 years ago,
G2,History Mapped Out,mGz5B6HZWt0,Selling Alaska: How Russia Lost to the USA,11000,428,3 years ago,
G2,History Mapped Out,AHblR67_478,Oil Wars: How the Black Gold Shaped the World,18000,764,3 years ago,
G2,History Mapped Out,yPwAgQlNAQQ,From Hiroshima to Present Day: The History of Nuclear Weapons | History Mapped Out,5500,1004,3 years ago,
G2,History Mapped Out,gakWWXTuF2o,"Arab-Israeli Wars on the Map: Palestine, Six-Day War, Yom Kippur War",13000,630,3 years ago,
G2,Professor Historian,qf2iTpd5mHo,Ancient Civilizations That Vanished Without a Trace,3100,922,2 days ago,
G2,Professor Historian,hjg-Avdv7jc,Coincidences So Impossible They CANT be Coincidences,2600,895,5 days ago,
G2,Professor Historian,CemKPHa2IUw,1 HOUR of the Craziest Realities of Ancient Times,5400,3343,8 days ago,
G2,Professor Historian,n7VBjyIx1V4,Ancient Discoveries That We Still CANT Explain,6700,749,12 days ago,
G2,Professor Historian,ZJo8kRR82T8,Ancient Medical Practices That Were Completely INSANE,2500,799,2 weeks ago,
G2,Professor Historian,8g5x1OOsoXI,1 Hour of the CRAZIEST Stories From Ancient Times,565000,4083,3 weeks ago,
G2,Professor Historian,cHB2wBPCmmw,Disgusting Foods Ancient People ACTUALLY Ate,6400,801,1 month ago,
G2,Professor Historian,oQdwdpKBqIk,Ancient Inventions That Were Centuries Ahead of Their Time,18000,1208,1 month ago,
G2,Professor Historian,wL27lkaG98A,Every Poison Used in Ancient Civilizations,3500,793,1 month ago,schwach
G2,Professor Historian,aps2wMygS5I,Mistakes That Collapsed Entire Empires,27000,1173,1 month ago,
G2,Professor Historian,wD5_bR_LTr8,The Most INBRED Kings of All Time,9800,797,1 month ago,
G2,Professor Historian,JxegJqzpzxI,The Most UNHINGED Queens in History,13000,1028,1 month ago,
G2,Professor Historian,BvgYdkHhM5o,The Most EVIL Punishments in History,13000,954,1 month ago,
G2,Professor Historian,xsYWDpZOY9M,1 Hour of the WORST Kings in History,93000,3459,2 months ago,
G2,Professor Historian,fc19ey3FFC0,The Most EVIL Experiments Ordered by Kings,29000,733,2 months ago,
G2,Professor Historian,aUA7KnhHb7o,Every Drug Used in Ancient Civilizations,600000,1001,2 months ago,
G2,Professor Historian,l-iDswSsw50,Kings Who Killed Their Own Families,32000,1018,2 months ago,
G2,Professor Historian,Kby3zW4m2jM,Leaders Who Died in the Dumbest Ways Possible,52000,872,2 months ago,
G2,Professor Historian,SlEfdb6wvlE,The Most Brutal Betrayals In History,227000,931,2 months ago,
G2,Professor Historian,KbrgGU2FG5I,The Most TERRIFYING Last Words in History,17000,909,2 months ago,
G2,Professor Historian,Jq2OVSuYzkI,Kings Who Lost Their Minds,221000,856,3 months ago,
G2,Professor Historian,kC4hErBshbc,Ancient Technologies We Still Can't Explain,4600000,996,3 months ago,treffer
G2,Professor Historian,yqNXuHHH6S8,The Craziest Laws From Ancient Civilizations,58000,863,3 months ago,
G2,Professor Historian,yCFp27Kbwpo,The Most EVIL Doctors in History,10000,830,3 months ago,
G2,quack doc,kwrLVfyjVG0,The Most Disturbing Punishments In Each Religion,6000,1561,2026-08-09,
G2,quack doc,iyceg15aJX0,What Dying From Every Deadly Ancient Disease Feels Like,128000,1707,2026-08-02,
G2,quack doc,icxTI-dpM5M,The Disturbing Islam Iceberg Explained,61000,3246,2026-07-27,
G2,quack doc,f-5Hsgbatvs,The Disturbing Nonhuman Encounters Iceberg Explained,168000,2931,2026-07-20,
G2,quack doc,FktanGGS6WY,The Worst Punishments in Ancient Civilizations,661000,1621,2026-07-20,
G2,quack doc,A-P6b4hs9WE,The Worst Dashcam Deaths Ever Caught on Camera,9900,1581,2026-07-10,
G2,quack doc,_myoxEh418U,Every Religion's Hell & What It Would Feel Like,112000,1781,2026-07-10,
G2,quack doc,mDKQWOPi2ok,What Dying From Every Deadly Disease Feels Like - Part 2,125000,1914,2026-07-10,
G2,quack doc,c_bb5e6U5NA,The Disturbing Internet Predator Iceberg Explained,29000,3049,2026-07-10,
G2,quack doc,Yxwu44VADyo,The Disturbing Great Depression Iceberg Explained,23000,3111,2026-06-10,
G2,quack doc,y4nnRWD5Bi0,The Disturbing GTA 5 Iceberg Explained,18000,2580,2026-06-10,
G2,quack doc,NmfPT5VXGXg,The Disturbing Reality Shows Iceberg Explained,27000,3169,2026-06-10,
G2,quack doc,xhmt-UO7bYM,What it Feels Like to Die from Every Cult,19000,1648,2026-06-10,
G2,quack doc,B5VjsW_NNgw,The Worst Serial Killers From Every Country,19000,1797,2026-05-10,
G2,quack doc,2KlU4s8bBjE,The DISTURBING Cartel Iceberg Explained,26000,3065,2026-05-10,
G2,quack doc,B96hj9yOvPo,Most Disturbing Reddit Confessions Ever,11000,1667,2026-05-10,
G2,quack doc,9W2LKaAF5Us,The Disturbing Black Death Iceberg Explained,23000,2999,2026-05-10,
G2,quack doc,7QuXVw_075I,The Disturbing CIA Iceberg Explained,21000,3002,2026-05-10,
G2,quack doc,48W3wVbZhqA,The US War Crime Iceberg Explained,12000,3182,2026-05-10,
G2,quack doc,WqiMzpkCrmk,The Most Disturbing Incidents Caused by Cults,44000,1575,2026-05-10,
G2,quack doc,F94VoO5nmnw,The Disturbing Ancient Civilizations Iceberg Explained,130000,3047,2026-04-10,
G2,quack doc,14DGSfOlsVE,The Disturbing Christianity Iceberg,32000,2937,2026-04-10,
G2,quack doc,LQ_6OG7-xmA,What Dying From Every Deadly Disease Feels Like,1800000,1717,2026-04-10,
G2,quack doc,WJFb_8bRnIM,The Disturbing Ancient Mysteries Iceberg Explained,159000,3266,2026-04-10,
G2,quack doc,7WJii152KWI,The Disturbing Holocaust Iceberg Explained,37000,2976,2026-04-10,
G2,quack doc,Vkpi8slcDEY,The Disturbing Native American Iceberg Explained,21000,3177,2026-04-10,
G2,quack doc,7bQrV1a471Q,The Disturbing Extinct Disney Iceberg Explained,36000,2965,2026-04-10,
G2,quack doc,6TgHEqwAujI,Every Unit 731 Experiment in 30 Minutes,375000,1827,2026-04-10,
G2,quack doc,cbJdMtnDAtg,The Disturbing Nazi Iceberg Explained,105000,3325,2026-03-10,
G2,quack doc,c2Y3muOfX8o,Disturbing Archaeology Iceberg,78000,2932,2026-03-10,
G2,quack doc,K3LGid8jgls,Every Major EVIL Human Experiment in 26 Minutes,13000,1590,2026-03-10,
G2,quack doc,TWbbsd01ifc,The Religious Apocalypse Iceberg,29000,2788,2026-03-10,
G2,quack doc,h4RRLp8LTB0,The Disturbing Japan Iceberg Explained,26000,3063,2026-03-10,
G2,quack doc,pUzrXioZUGs,The Disturbing Banned Animations Iceberg Explained,28000,3051,2026-02-10,
G2,quack doc,TZ62oQEqViQ,The Ultimate Disturbing Appalachia Iceberg,75000,3030,2026-02-10,
G2,quack doc,B9H_J83rylk,The Disturbing Discord Iceberg Explained,17000,3076,2026-02-10,
G2,quack doc,edSyTSGSNFY,Disturbing WW2 Weapons Iceberg,19000,3234,2026-02-10,
G2,quack doc,N0Sl-s6MzJU,The Disturbing South Korea Iceberg Explained,26000,3220,2026-02-10,
G2,quack doc,o8u5gwZ5IAk,The Disturbing Ancient Rome Iceberg,94000,3003,2026-02-10,
G2,quack doc,FY5TqJJApwE,The Forbidden Places Iceberg Explained,239000,2958,2026-01-10,
G2,quack doc,SvH5KBv17Vk,The Disturbing Banned Kids Show Episodes Iceberg Explained,26000,2806,2026-01-10,
G2,quack doc,nqE2t-QWlSg,The Disturbing Slavery Iceberg,28000,3296,2026-01-10,
G2,quack doc,Mh-O9Fy7qlA,The Most Disturbing Theme Park Incidents Iceberg,43000,3158,2026-01-10,
G2,quack doc,WS7483jOcRA,The Disturbing Gacha Life Iceberg Explained,195000,2652,2026-01-10,
G2,quack doc,yEg6iWbM2yQ,The Disturbing Sleep & Dream Iceberg Explained,26000,2924,2025-12-10,
G2,quack doc,cCOlDOgery0,The Most Disturbing Deaths Iceberg Explained,57000,3255,2025-12-10,
G2,quack doc,JVcGhaZjuZE,The Cold War Iceberg,33000,3091,2025-12-10,
G2,quack doc,6dXoQOgkyaM,The Disturbing School Shooting Iceberg Explained,55000,3087,2025-12-10,
G2,quack doc,TzGTocwtuH4,The Disturbing Signs Iceberg Explained,38000,2455,2025-12-10,
G2,quack doc,IG97W5FmmVs,The Disturbing Banned Documentaries Iceberg Explained,61000,2780,2025-12-10,
G2,quack doc,B63Qx3KbVHY,The Most Disturbing Sports Accidents Iceberg Explained,16000,2646,2025-11-10,
G2,quack doc,TXc_HXMFSiw,The Disturbing Anime Fandom Iceberg Explained,38000,2815,2025-11-10,
G2,quack doc,c2GXN1aMuF8,3+ Hours of Disturbing Afterlife Theories Iceberg Explained,84000,12426,2025-11-10,
G2,quack doc,VmM8sZRaYrI,The Disturbing Kpop Iceberg Explained,297000,2812,2025-11-10,
G2,quack doc,Pc0WqrXWhD0,The Mysterious & Lost Locations Iceberg Explained,55000,2669,2025-11-10,
G2,quack doc,_V260qkQfys,4 Hours of Disturbing War Iceberg Explained,70000,15744,2025-11-10,
G2,quack doc,l4DBeL86SVo,The Celebrity Conspiracy Iceberg Explained,92000,2628,2025-11-10,
G2,quack doc,h8KsmjRlZNI,Disturbing World War 1 Iceberg Explained,135000,2966,2025-11-10,
G2,quack doc,Vx4sqTfUwfo,3 Hours of Disturbing Cults & Religions Iceberg Explained,203000,10505,2025-11-10,
G2,quack doc,NUA350fsH6I,The Lovecraftian Entity Iceberg,478000,2591,2025-10-10,
G2,quack doc,nqF0IH8YNy4,The Disturbing Furry Iceberg Explained,72000,2443,2025-10-10,
G2,quack doc,bbraUQkGEFE,The Most Disturbing Unsolved Disappearances Iceberg Explained,62000,2837,2025-10-10,
G2,quack doc,XZGXuvB1CA0,The Disturbing Online Cult Iceberg,97000,3499,2025-10-10,
G2,quack doc,hU4_fohiZ08,The Disturbing Spongebob Iceberg Explained,47000,2480,2025-10-10,
G2,quack doc,kbJeOLaC7Yo,The Dark & Disturbing North Korea Iceberg,263000,4773,2025-10-10,
G2,quack doc,UytAs8E3mSg,The Disturbing Vietnam War Iceberg Explained,109000,3492,2025-10-10,
G2,quack doc,UZBpbz4yQt4,The Disturbing Demonology Iceberg Explained,185000,3405,2025-09-10,
G2,quack doc,wuXH3aEJKWg,The Disturbing USA Iceberg Explained,92000,3737,2025-09-10,
G2,quack doc,cKkkCj_1P8Q,The Disturbing Websites Iceberg Explained,289000,3677,2025-09-10,
G2,quack doc,h_rSC97ERn8,The Disturbing Heaven Iceberg Explained,134000,3155,2025-09-10,
G2,quack doc,gvi4D42YktU,The Bizarre Cryptid Iceberg Explained,109000,4338,2025-09-10,
G2,quack doc,arqpnX0cRSk,The Alternate Timeline Iceberg Explained,49000,4607,2025-09-10,
G2,quack doc,i3ThnOaLSPs,The Disturbing Reddit Iceberg Explained,60000,2583,2025-09-10,
G2,quack doc,JVNRhPs1GcE,Dante's Inferno & The 9 Levels of Hell Iceberg Explained,19000,2324,2025-08-10,
G2,quack doc,V7eRenexKe8,The 9/11 Iceberg Explained,251000,2501,2025-08-10,
G2,quack doc,cApSrHiqygA,The Disturbing Ocean Mysteries Iceberg Explained,181000,3603,2025-08-10,
G2,quack doc,5qxT_xTCqK8,The Disturbing SCP Iceberg Explained,300000,3461,2025-08-10,
G2,quack doc,SBtrolFdrg8,The Disturbing Apocalypses Iceberg Explained,153000,3547,2025-08-10,
G2,quack doc,7dyBvc-r3z4,The Most Disturbing Unsolved Mysteries Iceberg Explained,179000,4737,2025-08-10,
G2,quack doc,A1r7XmTy8Fc,The Most Disturbing Movies In History Iceberg Explained,268000,4352,2025-08-10,
G2,quack doc,Z9RA08Hshqo,The Bizarre Bible Theories Iceberg Explained,463000,7937,2025-08-10,
G2,quack doc,R7tlozYjgFc,The Entire History of Human Civilizations Explained,116000,4138,2025-08-10,
G2,quack doc,cTD6I4nWWIo,The Most Disturbing Religions Iceberg Explained,915000,3481,2025-08-10,
G2,quack doc,iz0w3WjDXE0,7 Hours of DARK & Disturbing Icebergs Explained,69000,25677,2025-08-10,
G2,quack doc,8kufLg2a3fE,The Disturbing Unsolved True Crime Cases Iceberg,121000,4041,2025-08-10,
G2,quack doc,3n1D_QrFRPA,The Disturbing World War 2 Iceberg Explained,458000,3849,2025-08-10,
G2,quack doc,sXIaekN1tVE,The Disturbing War Crimes Iceberg Explained,218000,5433,2025-08-10,
G2,quack doc,fZNf2WS2QOA,The Disturbing Banned Video Games Iceberg Explained,266000,4391,2025-08-10,
G2,quack doc,awRhsK42PeE,The Disturbing Banned Books Iceberg Explained,233000,3567,2025-08-10,
G2,quack doc,cZM74XJt52A,What If 1 Gorila Fought 100 Men?,11000,481,2025-08-10,
G2,quack doc,wVjJ6cyMQDo,The Unit 731 Iceberg Explained,1700000,7992,2025-08-10,
G2,quack doc,czh5F-o4FjY,The Extremely Disturbing Hell Iceberg Explained,380000,3575,2025-08-10,
G2,quack doc,ydlKm2CQSx4,The Devastating Tragedies Iceberg Explained,408000,3725,2025-08-10,
G2,quack doc,ltcx7bHK41M,The Disturbing Space Iceberg Explained,697000,5904,2025-08-10,
G2,quack doc,RZOXrcACX24,The Most Deadly Diseases Iceberg Explained,1500000,3799,2025-08-10,
G2,quack doc,QrItDWfu4O8,The Most Disturbing Cave Deathes Iceberg Explained,158000,3151,2025-08-10,
G2,quack doc,BZ9enOCOzng,The FBI Most Wanted Criminals Iceberg Explained,387000,3389,2025-08-10,
G2,quack doc,0dg8W5QH-mA,The Craziest Drugs Iceberg Explained,417000,4237,2025-08-10,
G2,quack doc,4dE7pKJ5W4M,4 Hours of DARK & Disturbing Icebergs Explained,168000,16283,2025-08-10,
G2,quack doc,q8oWGO2iX4o,The Most Disturbing Afterlife Theories Iceberg Explained,1900000,3365,2025-08-10,treffer
G2,quack doc,gApkzgP28cM,"The Ulimate ""Why It Sucks To Be Born As ___"" Tier List",8900,1674,2025-08-10,
G2,quack doc,YZdl-uMfE0Y,The Most Brutal Torture Methods Iceberg Explained,419000,3217,2025-08-10,
G2,quack doc,-UfqxQRcr3k,The Most Disturbing Serial Killers Iceberg Explained,188000,2899,2025-08-10,
G2,quack doc,6tcSvyO4jx8,The DARK Diddy Iceberg Explained,13000,1724,2025-08-10,
G2,quack doc,N_3zf03U4M8,The Most Evil Human Experiment Iceberg Explained,1200000,3293,2025-08-10,
G2,quack doc,J3NLJKq0qO8,The Most Bizarre Cults Iceberg Explained,552000,3526,2025-08-10,
G2,quack doc,jc9RV3rfg8w,What War Was Like In Every Time Period,16000,556,2024-08-10,
G2,quack doc,htUdjqFobp0,What It Was Like To Die In Every Time Period,5500,558,2024-08-10,
G2,quack doc,dsmo4dUJW1Q,Humans With Questionable Super Powers,6400,537,2024-08-10,
G2,quack doc,D7GT0vEucBI,Animals With Generational BEEF,16000,609,2024-08-10,
G2,quack doc,BYtNVJm06EQ,Scariest Tribal Cults To Ever Exist,9100,529,2024-08-10,
G2,quack doc,7Th7depsQ_Q,Things That Would Get You Killed In The Dark Ages,4500,497,2024-08-10,schwach
G2,quack doc,sznY_Hp8E7w,The Bloodiest Wars in Human History(1 Million+ Deaths),8100,702,2024-08-10,
G2,quack doc,gXJThHeK8to,Dumbest Way People Died In Human History,7800,503,2024-08-10,
G2,quack doc,_kddydOh7wY,Lucky People Who Survived The Impossible,4700,528,2024-08-10,
G2,quack doc,pbP1k5t8T5U,The Biggest Haters in Human History,9800,541,2024-08-10,
G2,quack doc,unwIoerPJS0,The Worst War Crimes Committed In Human History,75000,620,2024-08-10,
G2,quack doc,yNVo2cnFVWU,Truly Evil Animal Experiments That ACTUALLY Happened,7600,562,2024-08-10,
G2,quack doc,rjs6RYEbPHk,Famous Youtubers That Became Criminals,9000,607,2024-08-10,
G2,quack doc,lPhGVKplSTE,Parents Who Took Revenge On Child Predators,61000,676,2024-08-10,
G2,quack doc,-49v_vMvfv0,The Most Evil Cops Of All Time,9300,753,2024-08-10,
G2,quack doc,ieN5oB7wrvA,The Most Evil Parents of All Time,9800,643,2024-08-10,
G2,quack doc,eFJ0Za9N-4E,Scientific Misconceptions For You To Bring Up During Family Dinner,7100,747,2024-08-10,
G2,quack doc,65iKL2u0a9o,Most Painful Poisons in the World,26000,782,2024-08-10,
G2,quack doc,sPA5UvIo0jc,The Most Brutal Surgeries In Human History,18000,537,2024-08-10,
G2,quack doc,VDIASoXvHE4,The Most Terrifying Scientists In Human History,9000,446,2024-08-10,
G3,Endless Origins,_RBgdvhfiE8,"Life 35,000 Years Ago | How Ice Age Humans Guarded Sleeping Families at Night",1000,800,1 day ago (2026-08-09),
G3,Endless Origins,6zAmhjcmf0E,"Life 25,000 Years Ago | How Ice Age Humans Built Thermal Beds to Stop Ground-Freeze",2400,843,7 days ago (2026-08-03),
G3,Endless Origins,HM6Nw9eyoKQ,"Life 50,000 Years Ago | How Humans Lived in the Paleolithic Era",11000,804,11 days ago (2026-07-30),
G3,Endless Origins,YX_XIN7u9qc,How Samurai Prepared for War 500 Years Ago Sengoku Japan,273,778,2 weeks ago (2026-07-27),
G3,Endless Origins,nLMOkvWAHG0,"Life 1,000 Years Ago | How Vikings Slept Before a Raid",296,791,3 weeks ago (2026-07-20),
G3,Endless Origins,MUWqQrKWJUw,How Passengers Slept Their Last Night on the Titanic,59,750,3 weeks ago (2026-07-20),
G3,Endless Origins,d-Y1rNL62M0,Life 66 Million Years Ago | The Asteroid That Killed the Dinosaurs (And What Came Next),219,829,3 weeks ago (2026-07-20),
G3,Endless Origins,UlSz-bsGUiY,Life 4000 Years Ago | How Ancient Egyptian Pharaohs Slept in Luxury,301,801,1 month ago (2026-07-10),
G3,Endless Origins,P6sIwlhAK6k,"Life 20,000 Years Ago | Sleeping in an Ice Age Cave",1100,801,1 month ago (2026-07-10),
G3,Endless Origins,TPlYFX2V8Vw,"Life 100,000 Years Ago - How Humans Slept in the Homo Erectus Era",349,755,1 month ago (2026-07-10),
G3,Endless Origins,EHcVfqItkUM,"Life 170,000 Years Ago: Why Humans Were Forced to Wear Clothes",577,784,1 month ago (2026-07-10),
G3,Endless Origins,QPuhSTn7oCE,Life 1500 Years Ago | How Medieval Peasants Slept Through Harsh Winter Nights,1200,529,1 month ago (2026-07-10),
G3,Endless Origins,KmEt-Mk7LdI,Life 1000 Years Ago | How Native Americans Survived,3400,758,1 month ago (2026-07-10),
G3,Endless Origins,EUT_S07lYhs,"Life 10,000 Years Ago | How Humans Slept In The Mesolithic Age",8800,772,1 month ago (2026-07-10),
G3,Endless Origins,8Q_cnlFKEAM,"POV: Your Day as a Neolithic Farmer 12,000 Years Ago",279,539,1 month ago (2026-07-10),
G3,Endless Origins,EAroYvmejFU,Life 6000 Years Ago | How Did Humans Sleep In The Neolithic Age,24000,503,2 months ago (2026-06-10),
G3,Endless Origins,-ujaBo7HVo8,3 Million Years of Human History (Sleep Documentary) | The Full Evolution Story,2200,1821,2 months ago (2026-06-10),
G3,Endless Origins,YzT4TRMga0w,"Life 50,000 Years Ago | How Humans Slept in the Paleolithic Age",137000,760,2 months ago (2026-06-10),
G3,Endless Origins,4n5iv2lbiZk,"Life 10,000 Years Ago | How Humans Stayed Clean Before Soap",1900,551,2 months ago (2026-06-10),
G3,Endless Origins,HOqvQzZIrCg,Life 3000 Years Ago | How Humans Slept in the Iron Age,22000,578,2 months ago (2026-06-10),
G3,Endless Origins,NIKUM4O_pA0,Ancient Humans Slept Twice a Night | Here's What They Did in Between,476,502,2 months ago (2026-06-10),
G3,Endless Origins,FqY-0Xvw8jc,"Life 20,000 Years Ago | How Ice Age Humans Survived The First Mega Storm",3800,956,2 months ago (2026-06-10),
G3,Endless Origins,QBCsIGVafsg,Life 1 Million Years Ago | Ice Age Humans vs Ice Age Giants,1200,493,2 months ago (2026-06-10),
G3,Endless Origins,ve6ftt4hlj4,Life 5000 Years Ago | How Humans Slept in the Bronze Age,10000,605,3 months ago (2026-05-10),
G3,Endless Origins,Dln4dsyFXgk,Two Cavemen Try To Survive The First Ever Ice Age Winter,545,284,3 months ago (2026-05-10),
G3,Endless Origins,8ocX6s3mEGo,Life 3 Million Years Ago | How Humans Slept in the Stone Age,9500,341,3 months ago (2026-05-10),
G3,Endless Origins,RArzu-4r7F8,"Life 1,000,000 Years Ago vs Today | How Humans Survival",334,727,3 months ago (2026-05-10),
G3,Endless Origins,l5DhZb3UQdY,"Life 20,000 Years Ago | Where Humans Lived During The Ice Age",5200,407,4 months ago (2026-04-10),
G3,Endless Origins,OfkoqOnpSKw,"20,000 Years Ago, Sleep Was a Nightmare | Here's Why",2000,413,4 months ago (2026-04-10),
G3,Endless Origins,V0ls3kyX9Vc,"Life 20,000 Years Ago | How Humans Really Lived In The Ice Age",58000,1422,4 months ago (2026-04-10),
G3,Endless Origins,FxMfuUse0BQ,Life 1000 Years Ago: Physics Behind Viking Survival in Deadly Cold Waters,603,406,5 months ago (2026-03-10),
G3,Endless Origins,Q7GDCnmyE3I,90 Year Old Ice Age Survivor Reveals Her Deadly Secret,2100,382,5 months ago (2026-03-10),
G3,Endless Origins,f07a7HHRAPc,"20,000 Years Ago – Day in the Life of an Ice Age Human",11000,395,6 months ago (2026-02-10),
G3,Endless Origins,G2dq-avJiII,Life 700 Years Ago: The Bubonic Plague in the 1300s,142,569,6 months ago (2026-02-10),schwach
G3,Endless Origins,D4IasX65t94,Survival Against All Odds | When Humans Fought Back 2.3 Million Years Ago,432,405,6 months ago (2026-02-10),
G3,Endless Origins,ezo1hHV8GaM,Life 1000 Years Ago | How Vikings Survived The Winter Without Freezing,1300,559,10 months ago (2025-10-10),
G3,Endless Origins,FxRzJ3QOEo8,Life 4600 Years Ago: The Secret Struggles of Ancient Pyramid Builders,924,501,10 months ago (2025-10-10),
G3,Endless Origins,H8WO0v-ywL8,"Life 20,000 Years Ago | How Humans Slept in the Ice Age",360000,383,10 months ago (2025-10-10),treffer
G3,ExplainMatics,-qUnYgo-Z1Y,The DARKEST Things Ancient Parents Did to Survive,589,574,5 days ago,
G3,ExplainMatics,kviIc37kFh8,The Most PAINFUL Ancient Medical Procedures,819,491,2 weeks ago,
G3,ExplainMatics,76rX0st7RDw,Why Do Animals Bring Injured Babies to Us?,297,503,4 weeks ago,
G3,ExplainMatics,fk0PHSrOEc0,Every Social Media Addiction Trick (In 10 Minutes),191,589,1 month ago,schwach
G3,ExplainMatics,QswHIOsTv8U,Elon Musk's $1 Trillion Vs. Average American,236,218,1 month ago,
G3,ExplainMatics,P415JVcL75c,12 Roles Ancient Humans Needed to Survive,724,619,1 month ago,
G3,ExplainMatics,dNeq898cshs,What Happens To: Humans Who've Never Seen Screens?,2100,547,2 months ago,
G3,ExplainMatics,3gzqOZwY3cc,How Did Ancient Dogs Actually Live? (Brief History),2700,434,2 months ago,
G3,ExplainMatics,TkPomgd_oq0,How Did Ancient Humans Survive Sickness?,652000,489,3 months ago,treffer
G3,ExplainMatics,S4J3A1so6zA,Why is time going by SO fast (In the last 10 years),4100,217,3 months ago,
G3,Histor,UqPDZrxW-H0,These Photos Expose the RAW Reality of Our Ancestors. How Did They Even SURVIVE?!,309,1089,20 hours ago,
G3,Histor,mnFH9NogtJY,These Photos Expose the RAW Reality of Our Ancestors. How Did They Even SURVIVE?!,92,1037,9 days ago,
G3,Histor,MiCiyvBwpAA,These Photos Expose the RAW Reality of Our Ancestors. How Did They Even SURVIVE?!,524,1076,2 weeks ago,
G3,Histor,2Oome6dCU9g,These Photos Expose the RAW Reality of Our Ancestors. How Did They Even SURVIVE?!,174,1083,3 weeks ago,
G3,Histor,To2XAESrSHs,These Photos Expose the RAW Reality of Our Ancestors. How Did They Even SURVIVE?!,368,1550,2 months ago,schwach
G3,Histor,br5IBDkhRHI,These Photos Expose the RAW Reality of Our Ancestors. How Did They Even SURVIVE?!,1200,1106,2 months ago,
G3,Histor,dvM3jGZlCQs,These Photos Expose the RAW Reality of Our Ancestors. How Did They Even SURVIVE?!,657,1047,2 months ago,
G3,Histor,6xFCDdaLMDM,These Photos Expose the RAW Reality of Our Ancestors. How Did They Even SURVIVE?!,672,1060,2 months ago,
G3,Histor,dkVIK9IMiLM,These Photos Expose the RAW Reality of Our Ancestors. How Did They Even SURVIVE?!,4400,1103,2 months ago,
G3,Histor,lJnHpeYy_mY,These Photos Expose the RAW Reality of Our Ancestors. How Did They Even SURVIVE?!,2400,1102,3 months ago,
G3,Histor,WZqKkiP0920,These Photos Expose the RAW Reality of Our Ancestors. How Did They Even SURVIVE?!,2900,1056,3 months ago,
G3,Histor,WgEAd_Xz50s,These Photos Expose the RAW Reality of Our Ancestors,680,1093,3 months ago,
G3,Histor,zyI3nWI8Vfw,These Photos Expose the RAW Reality of Our Ancestors,728,1043,3 months ago,
G3,Histor,OACzGF3wB-U,These Photos Expose the RAW Reality of Our Ancestors. How Did They Even SURVIVE?!,1600,1118,3 months ago,
G3,Histor,jGHMsGy7O5k,These Photos Expose the RAW Reality of Our Ancestors. How Did They Even SURVIVE?!,22000,1081,3 months ago,
G3,Histor,IoaDvKyWUwI,These Photos Expose the RAW Reality of Our Ancestors. How Did They Even SURVIVE?!,2400,1105,3 months ago,
G3,Histor,rxOxH0FtI1U,These Photos Expose the RAW Reality of Our Ancestors. How Did They Even SURVIVE?!,1400,1064,3 months ago,
G3,Histor,FtVUbLybA9g,These Photos Expose the RAW Reality of Our Ancestors. How Did They Even SURVIVE?!,10000,1074,3 months ago,
G3,Histor,4vemODaIUAI,These Photos Expose the RAW Reality of Our Ancestors. How Did They Even SURVIVE?!,31000,1029,3 months ago,
G3,Histor,tsUVFPI7Zm8,These Photos Expose the RAW Reality of Our Ancestors. How Did They Even SURVIVE?!,43000,1051,4 months ago,
G3,Histor,iO8c5h0Tgi4,These Photos Expose the RAW Reality of Our Ancestors. How Did They Even SURVIVE?!,9000,1018,4 months ago,
G3,Histor,CN3-pOYD4CA,These Photos Expose the RAW Reality of Our Ancestors. How Did They Even SURVIVE?!,10000,1076,4 months ago,
G3,Histor,rIMaoTobuew,These Photos Expose the RAW Reality of Our Ancestors. How Did They Even SURVIVE?!,57000,1085,4 months ago,treffer
G3,Histor,cj49fUibXRo,These Photos Expose the RAW Reality of Our Ancestors.,3300,1050,4 months ago,
G3,Histor,nLuEKmb3ZCU,How Did They Even SURVIVE?! These Photos Expose the RAW Reality of Our Ancestors.,4600,1130,4 months ago,
G3,Histor,9XPZpp3Nn7A,How Did They Even SURVIVE?! These Photos Expose the RAW Reality of Our Ancestors.,4700,1125,4 months ago,
G3,HUMAN-ISH,hpmOlMRzG08,Why Did Ancient Humans Eat Venomous Insects on Purpose?,245,662,3 weeks ago (2026-07-20),
G3,HUMAN-ISH,R2rFZEkxncg,How Did Ancient Humans Care for Premature Babies?,255,897,4 weeks ago (2026-07-13),
G3,HUMAN-ISH,Mm_dxbB4QBw,What Did Ancient Humans Do When a Predator Hunted Them?,141,959,4 weeks ago (2026-07-13),
G3,HUMAN-ISH,2kGNybGr9aA,When Did Ancient Humans First Start Eating Sugar?,128,924,4 weeks ago (2026-07-13),
G3,HUMAN-ISH,Edmgz6cmi_A,Why Did Ancient Humans Eat Rotten Meat?,59,661,4 weeks ago (2026-07-13),
G3,HUMAN-ISH,kzttZxeRjDY,How Did Ancient Humans Survive Deadly Heat Without AC?,212,845,4 weeks ago (2026-07-13),
G3,HUMAN-ISH,OSFEGmJW_yg,The Human Eye Color That Shouldn't Exist,283,765,1 month ago (2026-07-10),
G3,HUMAN-ISH,DF8NMWAFUf0,Why Did Ancient Humans Deliberately Freeze Their Babies?,121,906,1 month ago (2026-07-10),
G3,HUMAN-ISH,yCXzwsIqfp0,Why Do We Hiccup Like a 375 Million Year Old Fish?,98,505,1 month ago (2026-07-10),schwach
G3,HUMAN-ISH,E8k-uK4-3gk,The Dark Side of Ancient Humans,200,1134,1 month ago (2026-07-10),
G3,HUMAN-ISH,cS3EJeLH0P8,What Did Ancient Humans Do With Orphans?,5800,1084,1 month ago (2026-07-10),
G3,HUMAN-ISH,DsnpNVDlr6I,Ancient Humans Didn't Survive the Extinction. They Caused It.,3000,1038,1 month ago (2026-07-10),
G3,HUMAN-ISH,9jImQqkXJC4,What If Babies Are Manipulating You?,113,619,1 month ago (2026-07-10),
G3,HUMAN-ISH,KCoSacO1uyE,What Did Ancient Humans Do With Newborn Babies?,794,905,1 month ago (2026-07-10),
G3,HUMAN-ISH,8qZqV1WTgHE,Ancient Humans Were Scary ,199,1170,1 month ago (2026-07-10),
G3,HUMAN-ISH,W_Qfntz-8lQ,Did Ancient Humans Ever Get Diabetes?,177,1006,1 month ago (2026-07-10),
G3,HUMAN-ISH,E9qIymoYzXk,What Did Ancient Men Do When Their Partner Was Pregnant?,298,853,1 month ago (2026-07-10),
G3,HUMAN-ISH,22lhYMontcE,How Did Ancient Humans Sleep Safely Among Apex Predators?,488,1135,1 month ago (2026-07-10),
G3,HUMAN-ISH,26RDlrXBidQ,The Darkest Human Instinct Possible,3600,904,1 month ago (2026-07-10),
G3,HUMAN-ISH,5HmX5n1usLo,Ancient Humans Got High Before Civilization,761,1138,1 month ago (2026-07-10),
G3,HUMAN-ISH,cceII3LyU_0,How Did Ancient Humans Choose a Partner?,3500,966,1 month ago (2026-07-10),
G3,HUMAN-ISH,4HMsBQr61r4,How Did Ancient Mothers Raise Their Children?,5900,1047,1 month ago (2026-07-10),
G3,HUMAN-ISH,X4mKxf2Inz8,"Ancient Humans Discovered Music, Then Used It As A Weapon",1200,949,1 month ago (2026-07-10),
G3,HUMAN-ISH,tznr0bzD4bE,Why Did Ancient Humans Risk Their Lives to Have Children?,2900,1092,1 month ago (2026-07-10),
G3,HUMAN-ISH,DmaqzzUszEs,What Happened When Two Different Human Species Met for the First Time?,11000,560,2 months ago (2026-06-10),
G3,HUMAN-ISH,Fsg3Viiab20,How Did Ancient Humans Handle a Failed Pregnancy?,4300,698,2 months ago (2026-06-10),
G3,HUMAN-ISH,xkr2DJ_dlWI,What Did Ancient Humans Do When Someone Got Pregnant?,408000,633,2 months ago (2026-06-10),treffer
G3,HUMAN-ISH,Zn8zj46sM_A,What Did Ancient Humans Do With the Disabled?,4200,642,2 months ago (2026-06-10),
G3,HUMAN-ISH,6i0Rl7FCsoQ,How Did Ancient Humans Have Children With Another Species?,2600,613,2 months ago (2026-06-10),
G3,HUMAN-ISH,t5hjAnprHsA,Why Pretty People Get Away With Everything (Your Ancient Brain's Fault),1800,653,3 months ago (2026-05-10),
G3,HUMAN-ISH,ZYAIJldzNvo,Why Ancient Humans Had Better Immune Systems Than You,2800,676,3 months ago (2026-05-10),
G3,HUMAN-ISH,kl6--M_fQeE,How Ancient Humans Decided Who To Trust (And Who To Kill),1800,647,3 months ago (2026-05-10),
G3,HUMAN-ISH,OIDWWf4P588,What Did Ancient Humans Do When They Got Separated From Their Tribe?,1200,491,3 months ago (2026-05-10),
G3,HUMAN-ISH,gwfVHLrrkzE,How Did Ancient Humans Survive Without Doctors?,12000,496,3 months ago (2026-05-10),
G3,Million-Year Prehistory,q_FaVnftP9A,Life Millions of Years Ago — He Saved a Lion Cub | Hunted,1900,505,5 months ago | publishDate 2026-03-10 | lengthText 8:25,
G3,Million-Year Prehistory,NK6zLR-c4zc,Life Millions of Years Ago — Survival Meant Protecting Others,2500,2196,6 months ago | publishDate 2026-02-10 | lengthText 36:36,
G3,Million-Year Prehistory,TdZ77iRqeoU,Life Millions of Years Ago — Homo Habilis Saves a Wounded Woman   Hunted,2800,794,7 months ago | publishDate 2026-01-10 | lengthText 13:14,
G3,Million-Year Prehistory,qaNxZglsCmw,Life Millions of Years Ago He Stole Crocodile Eggs — The Mother Hunted Him,2300,656,7 months ago | publishDate 2026-01-10 | lengthText 10:56,
G3,Million-Year Prehistory,1yKY1ANe3iA,Life Millions of Years Ago - Homo Habilis Saves a Mammoth Calf,50000,653,7 months ago | publishDate 2026-01-10 | lengthText 10:53,
G3,Million-Year Prehistory,AUSavejYlvk,Life Millions of Years Ago | Homo Habilis vs Giant Beasts — Full Survival Story,716,3536,7 months ago | publishDate 2026-01-10 | lengthText 58:56,schwach
G3,Million-Year Prehistory,hF-utcnSV2A,Life Millions of Years Ago: Homo Habilis Saves a Tiger Cub — Hunted by the Mother,394000,811,7 months ago | publishDate 2026-01-10 | lengthText 13:31,treffer
G3,Million-Year Prehistory,xDl_y2avbkM,Life Millions of Years Ago: Homo Habilis VS Titanoboa — Tribe Under Attack,9700,1021,7 months ago | publishDate 2026-01-10 | lengthText 17:01,
G3,Million-Year Prehistory,tPL-LM5YB80,Life Millions of Years Ago: Homo Habilis VS Giant Catfish — Titanoboa Stalks the Water,3800,712,7 months ago | publishDate 2026-01-10 | lengthText 11:52,
G3,Million-Year Prehistory,05mz7NxHPA8,Life 3.2 Million Years Ago: Homo habilis vs Giant Titanoboa — The Deadliest Night Chase,1300,1344,7 months ago | publishDate 2026-01-10 | lengthText 22:24,
G3,Million-Year Prehistory,B_biBfl4kMA,Life 3.2 Million Years Ago — Homo Habilis Cave Survival | EP1 (Cinematic Documentary),1200,506,7 months ago | publishDate 2026-01-10 | lengthText 8:26,
G3,Sten Explains,2E2yhJkJlpo,How Did Ancient Humans Accidentally Discover Metal?,654,550,1 day ago,
G3,Sten Explains,wCDSPJLDdTM,Did Ancient Humans Take Turns Sleeping to Stay Alive?,283,560,11 days ago,
G3,Sten Explains,iqZx6QfkzJM,Why the Stronger Humans Still Went Extinct?,517,577,13 days ago,
G3,Sten Explains,qgDVUd1ng5c,"Why Were Animals Terrified of This Slow, Weak Human?",5100,514,2 weeks ago,
G3,Sten Explains,OUt_S2ClSPg,Why Ancient Humans Risked Everything to Reach America,4700,548,2 weeks ago,
G3,Sten Explains,NwxyH35Vp0A,Which Animals Taught Ancient Humans How To Hunt?,3300,539,3 weeks ago,
G3,Sten Explains,VJgE8oOTC5A,Why Your Voice Is the Most Dangerous Sound in Nature,3300,560,1 month ago,
G3,Sten Explains,hPbBAChJ2aE,Were Reckless Teenagers Dangerous To Ancient Humans?,533,540,1 month ago,
G3,Sten Explains,E0ltwO4XVEM,Did Animals Accidentally Make Us Human?,36000,497,1 month ago,treffer
G3,Sten Explains,YG0KBj2iplc,Why Ancient Humans Never Ate Predators,24000,548,1 month ago,
G3,Sten Explains,R0Nx2ZyaafU,What Did Ancient Humans Do To Introverts?,2800,539,1 month ago,
G3,Sten Explains,GuAQ6TmtMis,What Did Ancient Humans Do To Lazy People?,3100,552,1 month ago,
G3,Sten Explains,CWjRXuRBVFc,Did Ancient Humans Think They Were Animals?,1500,500,1 month ago,
G3,Sten Explains,JEsEI37sBR0,What Did Ancient Humans Do To Orphans?,27000,558,1 month ago,
G3,Sten Explains,AULav91XQ-k,What Did Ancient Humans Do To Old People?,2000,630,2 months ago,
G3,Sten Explains,o6obs9U2cqE,Does Your Pet Actually Love You or Just the Food?,1700,532,2 months ago,
G3,Sten Explains,SPh_n_doJLg,What Did Ancient Humans Do When They Panicked?,745,500,2 months ago,
G3,Sten Explains,N6gss_EZUoI,Did Ancient Humans Fall in Love Like We Do?,457,505,2 months ago,schwach
G3,ThenFolk,YlhIt7bZv24,When Did Ancient Humans First Smoke?,45,523,1 day ago,
G3,ThenFolk,2Jsq9C5-Uik,How Did Humans Create the First Swords?,385,497,3 days ago,
G3,ThenFolk,QUkW9MZCAeA,Why Do Humans Still Have Armpit Hair If We Lost Our Fur?,46,504,5 days ago,
G3,ThenFolk,KoWwKNKb2jM,Why Do Humans Have Different Eyelids?,52,521,7 days ago,
G3,ThenFolk,JBtwh05nDhI,What Made Ancient Humans the Animal World's Worst Enemy?,85,521,10 days ago,
G3,ThenFolk,KO_035Jkc2E,How Did Ancient Humans Make the Wild Obey Them?,65,508,12 days ago,
G3,ThenFolk,XmsMQaTj4Zc,The Darkest Things Ancient Humans Did to Survive Winter?,111,507,2 weeks ago,
G3,ThenFolk,k-7xSR9OW3Y,Why Was the Beard the Fur Evolution Refused to Remove?,129,500,2 weeks ago,
G3,ThenFolk,k-qSvTl_yao,Why Could the Fastest Animals Not Escape Ancient Humans?,50,516,2 weeks ago,
G3,ThenFolk,mI9CjN3TMSY,How Did Ancient Humans Escape the Deadliest Predators?,94,518,3 weeks ago,
G3,ThenFolk,eIkF2icnLrw,Why Were Ancient Humans Healthier Than Us?,138,498,3 weeks ago,
G3,ThenFolk,YqcfXIsrubI,How Often Did Ancient Humans Mate?,55,499,3 weeks ago,
G3,ThenFolk,Lk8GpzARGmw,How Did Ancient Humans Survive a Drought?,83,523,3 weeks ago,
G3,ThenFolk,IgUgV7jZntM,Did Ancient Humans Have a Sense of Humor?,85,512,3 weeks ago,
G3,ThenFolk,uUxi9X7AqpQ,How Did Ancient Humans Survive Weeks of Rain?,182,503,3 weeks ago,
G3,ThenFolk,q-C_Jv-stKM,How Did Ancient Humans Choose a Mate?,102,545,4 weeks ago,
G3,ThenFolk,PYHNDrtl7-A,Why Did Ancient Humans Eat Dirt?,130,533,4 weeks ago,
G3,ThenFolk,K8Ff2mRjWWo,When Did Humans Start Wearing Shoes?,107,507,4 weeks ago,
G3,ThenFolk,K3LmlSj4p90,When Did Ancient Humans Start Using Cannabis?,1100,497,1 month ago,
G3,ThenFolk,cn-0STA80xE,How Did Ancient Humans Cross the World?,387,510,1 month ago,
G3,ThenFolk,rY5YFarqYSA,How Bad Did Ancient Humans Actually Smell?,106,514,1 month ago,
G3,ThenFolk,CB-MAdvBF2s,How Did Humans Invent the Gun?,319,493,1 month ago,
G3,ThenFolk,QbJObBJO8LQ,How Did Ancient Humans Survive Snake Bites?,244,482,1 month ago,
G3,ThenFolk,3BjZ6o-BI3Q,What Did Ancient Humans Do When They Ran Out of Animals to Hunt?,388,523,1 month ago,
G3,ThenFolk,PwYsGri62e8,How Ancient Humans Dealt with Nightmares and Insomnia?,75,493,1 month ago,schwach
G3,ThenFolk,cOaJadNtDeE,Why the First Human Alliances Were the Most Dangerous Groups on Earth?,94,544,1 month ago,
G3,ThenFolk,HbbN2AgwME8,The Day Humans Tamed Fire and Terrified the Entire Animal Kingdom,2800,488,1 month ago,
G3,ThenFolk,RAutpPlCWHc,What Happened When Ancient Humans First Ate Mushrooms?,194,494,1 month ago,
G3,ThenFolk,4-ZKRAucONY,Why Did Ancient Humans Lose Their Dark Skin?,1300,536,1 month ago,
G3,ThenFolk,efBxGK1ccwE,Why Ancient Humans Hunted Cave Lions Despite the Danger?,418,495,1 month ago,
G3,ThenFolk,QqvqcK23RMM,Why Did Ancient Humans Outlive Every Other Human Species?,1000,518,1 month ago,
G3,ThenFolk,oMplSWUdJGo,Why Cave Bears Lost Their Home to Ancient Humans?,581,512,1 month ago,
G3,ThenFolk,J7kSi8fTljY,How Ancient Humans Turned Their Deadliest Enemy Into Food?,675,504,1 month ago,
G3,ThenFolk,qbcut7gom80,Why the Smartest Animals Still Lost to Ancient Humans?,1600,516,1 month ago,
G3,ThenFolk,3i8_L2JnE5M,Why Animals Could Not Escape the Traps of Ancient Humans?,138000,508,1 month ago,
G3,ThenFolk,2EUjUCD1KRg,Why Did Ancient Humans Develop Different Skin Colors?,3400,494,1 month ago,
G3,ThenFolk,T5oi38TwPhQ,What Ancient Humans Fed Their Children Would Get You Arrested?,1200,493,1 month ago,
G3,ThenFolk,NyKBMXW8uq8,Why Wild Predators Never Attack Sleeping Ancient Humans?,7400,492,1 month ago,
G3,ThenFolk,mIHzvBb4ti8,What Did Ancient Humans Do When a Woman Got Pregnant?,3100,511,1 month ago,
G3,ThenFolk,o8YxT_bG110,Why Ancient  Human Revenge Terrified the Animal World ?,75000,530,1 month ago,
G3,ThenFolk,1BsaUj18Lvs,How Ancient Women Handled Periods Before Pads Existed ?,8200,506,1 month ago,
G3,ThenFolk,3JVdQfwYgF8,Which Predator Did Ancient Humans Fear the Most?,2800,485,2 months ago,
G3,ThenFolk,FUh58Xq6lKA,How Did Ancient Humans Turn Their Deadliest Enemy Into A Weapon?,1400,499,2 months ago,
G3,ThenFolk,cDyy9nq_hU4,How Did Ancient Humans Protect Their Babies From Predators?,1500,482,2 months ago,
G3,ThenFolk,WSxxjDDKSbo,Why Did Ancient Humans Steal Food From Lions?,1300,484,2 months ago,
G3,ThenFolk,l1oX4QsU1MU,Why Did Ancient Humans Actually Start Wearing Clothes?,1500,486,2 months ago,
G3,ThenFolk,MQgJSM1T-Bc,What Did the First Humans Ever Eat?,4200,482,2 months ago,
G3,ThenFolk,x0fbZKMFBkA,Why Did Animals Fear Ancient Humans Who Had No Claws or Fangs?,144000,551,2 months ago,treffer
G3,ThenFolk,ekwWk-Znbfo,How Did Ancient Humans Have Privacy?,2100,493,2 months ago,
G3,ThenFolk,4uk6NYZTw2g,How Did Ancient Humans Actually Survive the Ice Age?,3500,529,2 months ago,
G3,ThenFolk,RABX5oznu5M,How Did Ancient Humans Accidentally Create Dogs From Wolves?,2900,497,2 months ago,
G3,ThenFolk,c6hkmTr2bYc,How Did Ancient Humans Accidentally Discover Alcohol?,2200,528,2 months ago,
G3,ThenFolk,rNuoVgin4iY,What Did Ancient Humans Invent Just Because They Had Nothing to Do?,1000,483,2 months ago,
G3,ThenFolk,EbnB2xgiFtI,What Ancient Humans Actually Ate Would Be Illegal Today,21000,632,2 months ago,
